Content_Song,Sequential Airtime,Song Title,Artist Name,Album Name,Label Name,Release Year,Language
"Oru Poovine Nishaashalabham
,K.J.Yesudas,Meenathil Thalikettu,
Sony Music,2003",00:00:00-00:00:28,Oru Poovine Nishaashalabham,K.J.Yesudas,Meenathil Thalikettu,Sony Music,2003,Malayalam
"Ponveyilin,Ranjith Meleppat, Vijay Yesudas
 & Ann Amie,Puzhikkadan,Satyam Audios,2019",00:02:18-00:05:33,Ponveyilin,"Ranjith Meleppat, Vijay Yesudas
 & Ann Amie",Puzhikkadan,Satyam Audios,2019,Malayalam
"Nagumo,Deva,S.P.Bala&Chitra,
Arunachalam,Alai Osal Productions Sdn Bhd,
1997",00:05:37-00:09:29,Nagumo,"Deva, S.P.Bala&Chitra",Arunachalam,Alai Osal Productions Sdn Bhd,1997,Malayalam
"Allah Avalente Pennakane,Vineeth Sreenivasan, 
Sumesh Parameswar & Arjun V. Akshaya,
Ennodu Para I Love You Ennu,2019",00:09:33-00:13:48,Allah Avalente Pennakane,Vineeth Sreenivasan,Sumesh Parameswar & Arjun V. Akshaya,Ennodu Para I Love You Ennu,2019,Malayalam
"Tere Bina ,A.R. Rahman, Chinmayi Sripada,
 Murtuza Khan & Qadir Khan,Guru,Sony Music Entertainments
 Pvt.Ltd,2006",00:13:51-00:18:34,Tere Bina,"A.R. Rahman, Chinmayi Sripada, Murtuza Khan & Qadir Khan",Guru,"Sony Music Entertainments
 Pvt.Ltd",2006,Hindi
"Oruthi,Bheemante Vazhi,Vishnu Vijay,OPM Records,2021",00:19:19-00:23:30,Oruthi,Bheemante Vazhi,Vishnu Vijay,OPM Records,2021,Malayalam
"Nee Kaatru Naan Maram,Vidyasagar, Vairamuthu, K.S. 
Chithra & Hariharan,Nilaave Vaa,Divo Tv Private Limited,1996",00:23:32-00:28:04,Nee Kaatru Naan Maram,"Vidyasagar, Vairamuthu, K.S. 
Chithra & Hariharan",Nilaave Vaa,Divo TV Pvt Ltd,1996,Malayalam
"Orukunju,Vidyasagar,K.J.Yesudas,Chandranudhikkunna Dikkil,
Divo Tv Private Limited,1999",00:28:07-00:31:23,Orukunju,"Vidyasagar, K.J.Yesudas",Chandranudhikkunna Dikkil,Divo TV Pvt Ltd,1999,Malayalam
"Bolna,Tanishk Bagchi, Arijit Singh & Asees Kaur,Tanishk Bgchi,
Sony Music Entertainment India Pvt.Ltd,2016",00:31:26-00:34:34,Bolna,"Tanishk Bagchi, Arijit Singh & Asees Kaur",Kapoor & Sons,Sony Music Entertainment India Pvt.Ltd,2016,Hindi
"Manjupeyume,Najim Arshad&Mridula Warrier,Mili,
Think Music,2015",00:34:36-00:37:58,Manjupeyume,Najim Arshad&Mridula Warrier,Mili,Think Music,2015,Malayalam
"Unna Vida,Kamal Haasan, Shreya Ghoshal & Ilaiyaraaja,
Virumandi,Anak Audio,2004",00:38:01-00:43:45,Unna Vida,"Kamal Haasan, Shreya Ghoshal & Ilaiyaraaja",Virumandi,Anak Audio,2004,Malayalam
"Nee Mukilo,Vijay Yesudas, Sithara Krishnakumar, 
Gopi Sundar & Rafeeq Ahammed,Uyare,Manorama Music,2019",00:44:34-00:47:43,Nee Mukilo,"Vijay Yesudas, Sithara Krishnakumar, Gopi Sundar & Rafeeq Ahammed",Uyare,Manorama Music,2019,Malayalam
"Aisa lagta Hai,Sonu Nigam&Alka yagnik,Refugee,
saregama,2000",00:47:46-00:54:02,Aisa lagta Hai,Sonu Nigam&Alka yagnik,Refugee,saregama,2000,Hindi
"Nilapakshi,Sushin Shyam, Neha S. Nair & 
Vinayak Sasikumar,Maradoan,Divo Tv Private Limited,2018",00:54:05-00:57:04,Nilapakshi,"Sushin Shyam, Neha S. Nair & 
Vinayak Sasikumar",Maradoan,Divo TV Pvt Ltd,2018,Malayalam
"Sandalee,Velmurugan&Mahalingam,Adiyae Azhagae,
Think Music,2017",00:57:07-01:02:00,Sandalee,Velmurugan&Mahalingam,Adiyae Azhagae,Think Music,2017,Malayalam
"Bum Bum Bum,Naresh Iyer,Iblis,Trend Music,2018",01:03:04-01:06:18,Bum Bum Bum,Naresh Iyer,Iblis,Trend Music,2018,Malayalam
"Morni Banke,Guru Randhawa & Neha Kakkar,
Badhaai Ho,T-Series,2018",01:06:21-01:09:21,Morni Banke,Guru Randhawa & Neha Kakkar,Badhaai Ho,T-Series,2018,Hindi
"Mazha Njaan,bennet-Veetraag&Hariharan,Dr.Patient,
Satyam Audios,
2009",01:09:24-01:12:10,Mazha Njaan,bennet-Veetraag&Hariharan,Dr.Patient,Satyam Audios,2009,Malayalam
"Parayuvaan,Sid Sriram, Neha S. Nair & Jakes Bejoy,
Ishq,E4 Enertainemnt,2019",01:12:15-01:15:15,Parayuvaan,"Sid Sriram, Neha S. Nair & Jakes Bejoy",Ishq,E4 Entertainment,2019,Malayalam
"Vijana Surabhi,Rahul Raj, Remya Nambeesan, 
Kalamandalam Kolathapally & K.M. Udayan,
Bachelor Party,Satyam Audios,2012",01:15:18-01:18:07,Vijana Surabhi,"Rahul Raj, Remya Nambeesan, Kalamandalam Kolathapally & K.M. Udayan",Bachelor Party,Satyam Audios,2012,Malayalam
"Kili Poyi ,Rahul Raj & Vinay Govind,Kili Poyi,
It's Rocking,Muzik247,2015",01:18:11-01:21:00,Kili Poyi,"Rahul Raj & Vinay Govind, Kili Poyi",It's Rocking,Muzik247,2015,Malayalam
"Marudhaani,D. Imman, Nakash Aziz, Anthony Daasan & 
Vandana Srinivasan,
Annaattthe,Sun Pictures,2021",01:21:03-01:23:25,Marudhaani,"D. Imman, Nakash Aziz, Anthony Daasan & 
Vandana Srinivasan",Annaattthe,Sun Pictures,2021,Malayalam
"Vaaleduthal,Vidyasagar, Vidhu Prathap & Anuradha,
Meesamadhavan,Sony Music Entertainment India Pvt.Ltd,2002",01:23:29-01:26:21,Vaaleduthal,"Vidyasagar, Vidhu Prathap & Anuradha",Meesamadhavan,Sony Music Entertainment India Pvt.Ltd,2002,Malayalam
"Pularoli,Vijay Yesudas,Bhaskar The Rascal,
Manorama
Music,2015",01:26:24-01:29:26,Pularoli,Vijay Yesudas,Bhaskar The Rascal,"Manorama
Music",2015,Malayalam
"Chaka Chak,Shreya Ghoshal,Atrangi Re,T-Series,2021",01:29:29-01:32:33,Chaka Chak,Shreya Ghoshal,Atrangi Re,T-Series,2021,Hindi
"Minnunadae Mullapolae,Karthik,Tharangam,
Divo Tv Private Limited,2017",01:32:36-01:35:25,Minnunadae Mullapolae,Karthik,Tharangam,Divo TV Pvt Ltd,2017,Malayalam
"Varmukile Marivillin,Raveendran & K.S. Chithra,
Mazha,East Cost Audio Entertainments,1999",01:35:28-01:38:15,Varmukile Marivillin,Raveendran & K.S. Chithra,Mazha,East Coast Audio Entertainments,1999,Malayalam
"Oh Oh,Anirudh Ravichander, Dhanush & Nikhita Gandhi,
Thangamagan,Sony Music Entertainment India Pvt.Ltd,2015",01:38:19-01:41:12,Oh Oh,"Anirudh Ravichander, Dhanush & Nikhita Gandhi",Thangamagan,Sony Music Entertainment India Pvt.Ltd,2015,Malayalam
"Kattu Mooliyo , Vineeth Sreenivasan & Shaan Rahman,
Ohm Shanthi Oshaana,Think Music,2014",01:41:15-01:44:26,Kattu Mooliyo,Vineeth Sreenivasan & Shaan Rahman,Ohm Shanthi Oshaana,Think Music,2014,Malayalam
"Lakeeran,Asees Kaur, Devenderpal Singh & Amit Trivedi,
Haseen Dillruba,T-Series,2021",01:44:29-01:47:30,Lakeeran,"Asees Kaur, Devenderpal Singh & Amit Trivedi",Haseen Dillruba,T-Series,2021,Hindi
"Maangalyam,Vijay Yesudas, Sachin Warrier & S. Menon,
Bangalore Days,Muzik247,2014",01:47:35-01:50:44,Maangalyam,"Vijay Yesudas, Sachin Warrier & S. Menon",Bangalore Days,Muzik247,2014,Malayalam
"Thaa Thinnam,Job Kurien & Kailas Menon,
Theevand,Goodwill Entertainments,2018",01:50:47-01:53:51,Thaa Thinnam,Job Kurien & Kailas Menon,Theevand,Goodwill Entertainments,2018,Malayalam
"Onnaanaam Kunninmele,Vidyasagar, M. G. Sreekumar & 
Sujatha,Kilichundan Mambazham,Johny Sagariga,2003",01:53:54-01:56:54,Onnaanaam Kunninmele,"Vidyasagar, M. G. Sreekumar & 
Sujatha",Kilichundan Mambazham,Johny Sagariga,2003,Malayalam
"Innaleyum,Arun Alat,Kavi Uddheshichathu,Muzik247,2016",01:56:57-01:59:46,Innaleyum,Arun Alat,Kavi Uddheshichathu,Muzik247,2016,Malayalam
"Konji Konji Chirichal,Shankar Mahadevan & Rimi Tomy,
Avatharam,East Cost Audio Entertainments,1998",02:00:48-02:03:40,Konji Konji Chirichal,Shankar Mahadevan & Rimi Tomy,Avatharam,East Coast Audio Entertainments,1998,Malayalam
"Enthinee Mizhi,Vidyasagar, Karthik & Shreya Ghoshal,
Ordinary,Satyam Audios,2012",02:03:43-02:06:24,Enthinee Mizhi,"Vidyasagar, Karthik & Shreya Ghoshal",Ordinary,Satyam Audios,2012,Malayalam
"Nenjinullilaake,Deepankuran, Vineeth Sreenivasan & Radhika 
Narayanan,Thattumpurathu Achuthan,Satyam Audios,2018",02:06:27-02:09:31,Nenjinullilaake,"Deepankuran, Vineeth Sreenivasan & Radhika 
Narayanan",Thattumpurathu Achuthan,Satyam Audios,2018,Malayalam
"Mandhaara Poo Mooli,Ilaiyaraaja, Madhu Balakrishnan &
 Swetha Mohan,Vinodha Yathra,Satyam Audios,2007",02:09:34-02:12:26,Mandhaara Poo Mooli,"Ilaiyaraaja, Madhu Balakrishnan &
 Swetha Mohan",Vinodha Yathra,Satyam Audios,2007,Malayalam
"Enne Thallendammaava,Vineeth Sreenivasan &
 Shaan Rahman,Oru Vadakkan Selfie,Shaan Rahman Hits,Muzik247,
2015",02:12:30-02:14:46,Enne Thallendammaava,"Vineeth Sreenivasan &
 Shaan Rahman, Oru Vadakkan Selfie",Shaan Rahman Hits,Muzik247,2015,Malayalam
"Thenmozhi,Santhosh Narayanan & Anirudh Ravichander,
Thiruchitrambalam,Thiruchitrambalam,Sun Pictures,2022",02:14:49-02:17:37,Thenmozhi,"Santhosh Narayanan & Anirudh Ravichander, Thiruchitrambalam",Thiruchitrambalam,Sun Pictures,2022,Malayalam
"Chembakapoo,Sudeep Kumar & Murugan Kattakkada,
Rathinirvedam,Manorama Music,2011",02:17:39-02:20:56,Chembakapoo,Sudeep Kumar & Murugan Kattakkada,Rathinirvedam,Manorama Music,2011,Malayalam
"Poonkattey,Balram,Jomonte Suvisheshangal,Muzik247,2016",02:20:59-02:23:24,Poonkattey,Balram,Jomonte Suvisheshangal,Muzik247,2016,Malayalam
"London Thumakda,Labh Janjua, Sonu Kakkar, Neha Kakkar &
 Amit Trivedi,Queen,T-Series,2014",02:23:27-02:26:34,London Thumakda,"Labh Janjua, Sonu Kakkar, Neha Kakkar &
 Amit Trivedi",Queen,T-Series,2014,Hindi
"Roshomon,Ashwin Gopakumar, Arun Kamath & Niranj Suresh,
Solo,Trend Music,2017",02:26:37-02:29:17,Roshomon,"Ashwin Gopakumar, Arun Kamath & Niranj Suresh",Solo,Trend Music,2017,Malayalam
"Alliyambal-Remix,Vijay Yesudas,Loudspeaker,Manorama Music,
2009",02:29:19-02:31:18,Alliyambal-Remix,Vijay Yesudas,Loudspeaker,Manorama Music,2009,Malayalam
"Guleba,Anirudh Ravichander & Mervin Solomon,
Gulaebaghavali,Think Music,2017",02:31:21-02:34:25,Guleba,Anirudh Ravichander & Mervin Solomon,Gulaebaghavali,Think Music,2017,Malayalam
"Pacha Panamthathe,M. Jayachandran & K. J. Yesudas,Nottam,
Satyam Audios,2005",02:34:27-02:36:55,Pacha Panamthathe,M. Jayachandran & K. J. Yesudas,Nottam,Satyam Audios,2005,Malayalam
"Slow Motion,Shreya Ghoshal&Nakash Aziz,BharatT-Series,2019",02:37:00-02:40:04,Slow Motion,Shreya Ghoshal&Nakash Aziz,Bharat,T-Series,2019,Malayalam
"Iniyum Nin Mounam,Stephen Devassy &
 Sooraj Santhosh,
K Q,Satyam Audios,2013",02:40:07-02:43:05,Iniyum Nin Mounam,"Stephen Devassy &
 Sooraj Santhosh",K Q,Satyam Audios,2013,Malayalam
"Paranne,Jyotsna And The J Notes,Plug N Play Foundation,2019",02:43:08-02:45:34,Paranne,Jyotsna And The J Notes,,Plug N Play Foundation,2019,Malayalam
"Arikathayaaro,Ousephachan & Ranjith Govind,Bodyguard,
Johny Sagariga,2009",02:45:38-02:48:22,Arikathayaaro,Ousephachan & Ranjith Govind,Bodyguard,Johny Sagariga,2009,Malayalam
"Neerpalunkukal,Rex Vijayan&Saju Sreenivas,Neelakasham 
Pachakkadal Chuvanna Bhoomi,E4 Entertainments,2014",02:48:25-02:51:33,Neerpalunkukal,Rex Vijayan&Saju Sreenivas,"Neelakasham 
Pachakkadal Chuvanna Bhoomi",E4 Entertainment,2014,Malayalam
"Chithramanikattil,Kaithapram, Deepak Dev, P. Jayachandran & K.S.
 Chithra,Symphony,Speed Audios,2023",02:51:36-02:54:33,Chithramanikattil,"Kaithapram, Deepak Dev, P. Jayachandran & K.S.
 Chithra",Symphony,Speed Audios,2023,Malayalam
"Aadalodakam,Vaisakh Sugunan, Dawn Vincent, Shahabaz Aman &
 Soumya Ramakrishnan,Nna Thaan Case Kodu,Cloud 9 Entertainments 
FZ-LLC,2022",02:54:36-02:57:02,Aadalodakam,"Vaisakh Sugunan, Dawn Vincent, Shahabaz Aman &
 Soumya Ramakrishnan",Nna Thaan Case Kodu,"Cloud 9 Entertainments 
FZ-LLC",2022,Malayalam
"Puthumazhayai,Shreya Ghoshal,Charlie,Muzik247,2015",02:57:06-03:00:06,Puthumazhayai,Shreya Ghoshal,Charlie,Muzik247,2015,Malayalam
"Thanaro,Sreenath Bhasi & Rex Vijayan,North 24 Kaatham,
E4 Entertainment,2023",03:01:11-03:04:07,Thanaro,Sreenath Bhasi & Rex Vijayan,North 24 Kaatham,E4 Entertainment,2023,Malayalam
"Paranne,Benny Dayal & Raghu Dixit,Koode,Muzik247,2018",03:04:10-03:06:53,Paranne,Benny Dayal & Raghu Dixit,Koode,Muzik247,2018,Malayalam
"Araranne Aaranne,Job Kurian&Rita,Urumi&Fresh Hits,
Manorama Music,2011",03:06:56-03:10:00,Araranne Aaranne,Job Kurian&Rita,Urumi&Fresh Hits,Manorama Music,2011,Malayalam
"Maayaathe,Gopi Sundar, Haricharan & Chinmayi Sripada,
Hero,satyam Audios,2012",03:10:02-03:12:45,Maayaathe,"Gopi Sundar, Haricharan & Chinmayi Sripada",Hero,satyam Audios,2012,Malayalam
"Allegro,Devi Sri Prasad & Rita,Kanthaswamy,
Sony Music Entertainment India Pvt.Ltd,2009",03:12:50-03:15:53,Allegro,Devi Sri Prasad & Rita,Kanthaswamy,Sony Music Entertainment India Pvt.Ltd,2009,Malayalam
"Etho Saayaana, Gopi Sundar & Sachin Warrier,
10:30 A.M.Local Call,Satyam Audios,2012",03:15:56-03:18:57,Etho Saayaana,Gopi Sundar & Sachin Warrier,10:30 A.M.Local Call,Satyam Audios,2012,Malayalam
"Aa Oruthi,Vidyasagar, Vineeth Sreenivasan & Manjari,
Anarkali,Satyam Audios,2015",03:19:00-03:21:47,Aa Oruthi,"Vidyasagar, Vineeth Sreenivasan & Manjari",Anarkali,Satyam Audios,2015,Malayalam
"Udd Jaa Parindey,Jubin Nautiyal,Radhe Shyam,
T-Series,2021",03:21:50-03:23:50,Udd Jaa Parindey,Jubin Nautiyal,Radhe Shyam,T-Series,2021,Hindi
"Prema Neyyappam,Justin Varghese & Anwar Ali,
Oru Thekkan Thallu Case,E4 Entertainments,2022",03:23:53-03:26:50,Prema Neyyappam,Justin Varghese & Anwar Ali,Oru Thekkan Thallu Case,E4 Entertainment,2022,Malayalam
"Karale Nin Kai,K. J. Yesudas, P. V. Preetha & Kaithapram,
Devadoothan,Wilson Audio,2000",03:26:54-03:29:52,Karale Nin Kai,"K. J. Yesudas, P. V. Preetha & Kaithapram",Devadoothan,Wilson Audio,2000,Malayalam
"Yavvana,Yazin Nizar & Kalyani Nair,Sathya,Neeyum Naanum,
Think Music,2017",03:29:55-03:33:02,Yavvana,"Yazin Nizar & Kalyani Nair, Sathya",Neeyum Naanum,Think Music,2017,Malayalam
"Ya Ya Ya Yadava,M.M. Keeravani, K.S. Chithra & P. Unnikrishnan,
Devaragam,Johny Sagariga,1996",03:33:05-03:35:27,Ya Ya Ya Yadava,"M.M. Keeravani, K.S. Chithra & P. Unnikrishnan",Devaragam,Johny Sagariga,1996,Malayalam
"Aankh Marey,Neha Kakkar, Mika Singh & Kumar Sanu,
Simmba,T-Series,2018",03:35:31-03:38:06,Aankh Marey,"Neha Kakkar, Mika Singh & Kumar Sanu",Simmba,T-Series,2018,Hindi
"Paattonnu Paadan, Deepak Dev, Ranjith Govind, Benny Dayal, 
Smitha & Arjun,Kilukkam Kilukilukkam,Satyam Audios,2006",03:38:10-03:40:53,Paattonnu Paadan,"Deepak Dev, Ranjith Govind, Benny Dayal, Smitha & Arjun",Kilukkam Kilukilukkam,Satyam Audios,2006,Malayalam
"Naadottukku,Job Kurian & Prarthana Indrajith,
Kuttanpillayude Sivarathri,Muzik247,2018",03:40:56-03:44:07,Naadottukku,Job Kurian & Prarthana Indrajith,Kuttanpillayude Sivarathri,Muzik247,2018,Malayalam
"Swapnangal Kannezhuthiya,K.S.Chithra&Rahul Nambiar,
Swara Madhuri,Manorama Music,2005",03:44:09-03:47:20,Swapnangal Kannezhuthiya,K.S.Chithra&Rahul Nambiar,Swara Madhuri,Manorama Music,2005,Malayalam
"Minnaminnikkum Kaalam Vannala Neelakashathe,
Shankar Mahadevan,Kattappanayile Hrithik Roshan,
Millennium Audios,2016",03:47:23-03:49:21,Minnaminnikkum Kaalam Vannala Neelakashathe,Shankar Mahadevan,Kattappanayile Hrithik Roshan,Millennium Audios,2016,Malayalam
"Neeyoru Puzhayayi,P. Jayachandran,Thilakkam,
Eat Cost Audio Entrtainments,1999",03:49:24-03:52:25,Neeyoru Puzhayayi,P. Jayachandran,Thilakkam,East Coast Audio Entertainments,1999,Malayalam
"Paalvarnna Kuthiramel, Jakes Bejoy, Libin Scaria, 
Midhun Suresh, Swetha Ashok & Santhosh Varma,
Kaduva,Magic Frames Music,2022",03:52:29-03:55:30,Paalvarnna Kuthiramel,"Jakes Bejoy, Libin Scaria, Midhun Suresh, Swetha Ashok & Santhosh Varma",Kaduva,Magic Frames Music,2022,Malayalam
"Aatmavin,Kavita Mohan, Sankar Sharma & Preeti Pillai,
Amen,Muzik247,2014",03:55:33-03:58:40,Aatmavin,"Kavita Mohan, Sankar Sharma & Preeti Pillai",Amen,Muzik247,2014,Malayalam
"Ollulleru,Justin Varghese, Praseetha Chalakudy & 
Mavila Community,Ajagajantharam,Cloud 9 Entertainments FZ-LLC,
2021",03:58:44-04:01:41,Ollulleru,"Justin Varghese, Praseetha Chalakudy & 
Mavila Community",Ajagajantharam,Cloud 9 Entertainments FZ-LLC,2021,Malayalam
"Kannondu Chollanu,M. Jayachandran, Shreya Ghoshal & 
Vijay Yesudas,Ennu Ninte Moideen,Satyam Audios,2015",04:02:49-04:05:25,Kannondu Chollanu,"M. Jayachandran, Shreya Ghoshal & 
Vijay Yesudas",Ennu Ninte Moideen,Satyam Audios,2015,Malayalam
"Oru Nooraashakal,Jassie Gift, Kaithapram, K.S. Chithra 
& Sreenivas,Ennittum,Thomsun Music,2023",04:05:28-04:08:11,Oru Nooraashakal,"Jassie Gift, Kaithapram, K.S. Chithra 
& Sreenivas",Ennittum,Thomsun Music,2023,Malayalam
"Pon Thaarame,Shaan Rahman & Vineeth Sreenivasan,
Helen,Muzik247,2019",04:08:15-04:11:10,Pon Thaarame,Shaan Rahman & Vineeth Sreenivasan,Helen,Muzik247,2019,Malayalam
"Kinaavile,Ousephachan&Gayatri Asokan,
Pranchiyettan And The saint,
Satyam Audios,2010",04:11:13-04:14:23,Kinaavile,Ousephachan&Gayatri Asokan,Pranchiyettan And The saint,Satyam Audios,2010,Malayalam
"Ithu Puthan Kaalam,Shabareesh Varma & Rajesh Murugesan,
Premam,Muzik247,2015",04:14:28-04:17:24,Ithu Puthan Kaalam,Shabareesh Varma & Rajesh Murugesan,Premam,Muzik247,2015,Malayalam
"En Jeevan,Hariharan, Saindhavi, Vaikom Vijayalakshmi & 
Na. Muthu Kumar,Theri,Think Music,2016",04:17:28-04:20:32,En Jeevan,"Hariharan, Saindhavi, Vaikom Vijayalakshmi & 
Na. Muthu Kumar",Theri,Think Music,2016,Malayalam
"Priyanumaathram Njaan,M. Jayachandran, Vijay Yesudas &
 Swetha Mohan,Robinhood,Satyam Audios,2008",04:20:35-04:23:20,Priyanumaathram Njaan,"M. Jayachandran, Vijay Yesudas &
 Swetha Mohan",Robinhood,Satyam Audios,2008,Malayalam
"Vijanathayil,Shreya Ghoshal,
How Old Are You,Muzik247,2014",04:23:24-04:26:01,Vijanathayil,Shreya Ghoshal,How Old Are You,Muzik247,2014,Malayalam
"Dholida,Udit Narayan, Neha Kakkar, Palak Muchhal & 
Raja Hassan,Loveyatri - A Journey of Love,T-Series,2018",04:26:05-04:28:45,Dholida,"Udit Narayan, Neha Kakkar, Palak Muchhal & 
Raja Hassan",Loveyatri - A Journey of Love,T-Series,2018,Hindi
"Kando Kando,Amit Trivedi & Gowry Lekshmi,
Big Brother,Millennium Audios,2019",04:28:49-04:31:28,Kando Kando,Amit Trivedi & Gowry Lekshmi,Big Brother,Millennium Audios,2019,Hindi
"Marannittumenthino,Vidyasagar, P. Jayachandran & 
Sujatha,Randam Bhavam,Sony Music,2002",04:31:32-04:34:32,Marannittumenthino,"Vidyasagar, P. Jayachandran & 
Sujatha",Randam Bhavam,Sony Music,2002,Malayalam
"Aagasam,G.V. Prakash Kumar, Christin Jos & Govind Vasantha,
Soorarai Pottru,Sony Music Entertainment Indfia Pvt.Ltd,2020",04:34:36-04:37:13,Aagasam,"G.V. Prakash Kumar, Christin Jos & Govind Vasantha",Soorarai Pottru,Sony Music Entertainment Indfia Pvt.Ltd,2020,Malayalam
"Dwaadashiyil Mani Deepika,Vidyasagar, K. J. Yesudas & Sujatha,
Madhuranombarakkaattu,Johny sagariga,2000",04:37:17-04:40:05,Dwaadashiyil Mani Deepika,"Vidyasagar, K. J. Yesudas & Sujatha",Madhuranombarakkaattu,Johny Sagariga,2000,Malayalam
"Lut Gaye,Jubin Nautiyal,Lut Gaye,T-Series,2021",04:40:09-04:42:36,Lut Gaye,Jubin Nautiyal,Lut Gaye,T-Series,2021,Hindi
"Manickyachirakulla,Job Kurien,dukki Gold,
Muzik247,2014",04:42:39-04:45:13,Manickyachirakulla,Job Kurien,dukki Gold,Muzik247,2014,Malayalam
"Enthe Mulle,Anand Madhusoodanan & Mithun Jayaraj,Kamala,
Dreams N Beyond,2019",04:45:16-04:48:07,Enthe Mulle,Anand Madhusoodanan & Mithun Jayaraj,Kamala,Dreams N Beyond,2019,Malayalam
"Aaro Padum,Hariharan&K.S.Chithra,Urumi&Fresh Hits,
Manorama Music,1996",04:48:10-04:51:11,Aaro Padum,Hariharan&K.S.Chithra,Urumi&Fresh Hits,Manorama Music,1996,Malayalam
"Oru Mezhuthiriyude ,Shahabaz Aman & Mridula,
Vidhudhan,Millennuim Audios,2013",04:51:15-04:54:09,Oru Mezhuthiriyude,Shahabaz Aman & Mridula,Vidhudhan,Millennuim Audios,2013,Malayalam
"Thaamaranoolinaal ,Ousephachan, G. Venugopal & 
Gayatri Asokan,Mullavalliyum Thenmavum,Movie World,2003",04:54:12-04:57:23,Thaamaranoolinaal,"Ousephachan, G. Venugopal & 
Gayatri Asokan",Mullavalliyum Thenmavum,Movie World,2003,Malayalam
"Thallumaala Paattu,Vishnu Vijay, Hrithik Jayakish, 
Neha Girish & Eshaan Sanil,Thallumaala,Muzik247,2022",04:57:26-05:00:11,Thallumaala Paattu,"Vishnu Vijay, Hrithik Jayakish, Neha Girish & Eshaan Sanil",Thallumaala,Muzik247,2022,Malayalam
"Paaraake,Sooraj S. Kurup, Ramshi Ahamed & Mridhul Anil,
Kilometers & Kilometers,Muzik247,2020",05:01:20-05:04:30,Paaraake,"Sooraj S. Kurup, Ramshi Ahamed & Mridhul Anil",Kilometers & Kilometers,Muzik247,2020,Malayalam
"Ae Zindagi Gale Laga Le,by Ilaiyaraaja, Amit Trivedi & Arijit Singh,
Dear Zindagi,Sony Music Entertainment India Pvt.Ltd,2016",05:04:33-05:07:01,Ae Zindagi Gale Laga Le,"by Ilaiyaraaja, Amit Trivedi & Arijit Singh",Dear Zindagi,Sony Music Entertainment India Pvt.Ltd,2016,Hindi
"Maamarangale, Karthik, Sayanora & Gireesh Puthencherry,
Ee Pattanathil Bhootham,Manorama Music,2009",05:07:04-05:09:34,Maamarangale,"Karthik, Sayanora & Gireesh Puthencherry",Ee Pattanathil Bhootham,Manorama Music,2009,Malayalam
"Omal Thamara ,Yadhu S Marar, Shaan Rahman & Hari Narayanan B K,
Njan Prakashan,Manorama Music,2018",05:09:38-05:12:26,Omal Thamara,"Yadhu S Marar, Shaan Rahman & Hari Narayanan B K",Njan Prakashan,Manorama Music,2018,Malayalam
"Pathinezhinte Poonkaralil,Mohan Sithara, Shreya Ghoshal & Kabeer,
Vellaripravinte Changathi,Satyam Audios,2011",05:12:29-05:15:43,Pathinezhinte Poonkaralil,"Mohan Sithara, Shreya Ghoshal & Kabeer",Vellaripravinte Changathi,Satyam Audios,2011,Malayalam
"Idukki,Bijibal,Maheshinte Prathikaaram,
Muzik247,2016",05:15:46-05:18:40,Idukki,Bijibal,Maheshinte Prathikaaram,Muzik247,2016,Malayalam
"Maacho, A.R. Rahman, Sid Sriram & Shweta Mohan,
Mersal,Sony Music Entertainment India Pvt.Ltd,2017",05:18:43-05:21:15,Maacho,"A.R. Rahman, Sid Sriram & Shweta Mohan",Mersal,Sony Music Entertainment India Pvt.Ltd,2017,Malayalam
"Aalilathaaliyumaai,Raveendran & P. Jayachandran,
Mizhirandilum,Sony Music Entertainment India Pvt.Ltd,2003",05:21:18-05:24:31,Aalilathaaliyumaai,Raveendran & P. Jayachandran,Mizhirandilum,Sony Music Entertainment India Pvt.Ltd,2003,Malayalam
"Payye Veesum,Sachin Warrier, Ashwin Gopakumar & Sneha Warrier,
Aanandam,Satyam Audios,2008",05:24:34-05:26:49,Payye Veesum,"Sachin Warrier, Ashwin Gopakumar & Sneha Warrier",Aanandam,Satyam Audios,2008,Malayalam
"Hututu,A.R.Rahman&Shashaa Tirpati,
Mimi,Sony Music Entertainment India Pvt.Ltd,2021",05:26:52-05:29:45,Hututu,A.R.Rahman&Shashaa Tirpati,Mimi,Sony Music Entertainment India Pvt.Ltd,2021,Malayalam
"Mazha Paadum,Deepak Dev, Aravind Venugopal & Aparna Balamurali,
Sunday Holiday,Satyam Audios,2017",05:29:47-05:32:55,Mazha Paadum,"Deepak Dev, Aravind Venugopal & Aparna Balamurali",Sunday Holiday,Satyam Audios,2017,Malayalam
"Oonjal Aadinaal,K.S. Chithra, Kalyani Menon, M. Jayachandran, Madhu Balakrishnan & Kaithapram,Perumazhakkaalam,Divo Tv Private Limited,2004",05:32:58-05:35:49,Oonjal Aadinaal,"K.S. Chithra, Kalyani Menon, M. Jayachandran, Madhu Balakrishnan & Kaithapram",Perumazhakkaalam,Divo TV Pvt Ltd,2004,Malayalam
"Mudher Kanave,Bombay Jayashri, Harish Raghavendra & O. S. Arun,
Harris,Saregama,2001",05:35:52-05:38:47,Mudher Kanave,"Bombay Jayashri, Harish Raghavendra & O. S. Arun",Harris,Saregama,2001,Malayalam
"Enthanu Bhai,Rex Vijayan & Bijibal,Da Thadiya,Muzik247,2014",05:38:51-05:41:42,Enthanu Bhai,Rex Vijayan & Bijibal,Da Thadiya,Muzik247,2014,Malayalam
"Photo,Karan Sehmbi,Luka Chuppi,T-Series,2019",05:41:45-05:44:19,Photo,Karan Sehmbi,Luka Chuppi,T-Series,2019,Punjabi
"Kurumbathi Chundari Nee,Vineeth Sreenivasan,Ann Maria Kalippilaanu,Millennium Audios,2016",05:44:23-05:46:55,Kurumbathi Chundari Nee,Vineeth Sreenivasan,Ann Maria Kalippilaanu,Millennium Audios,2016,Malayalam
"Enoruvan,M. Jayachandran & Mohan Lal,Odiyan,Satyam Audios,2018",05:46:59-05:49:03,Enoruvan,M. Jayachandran & Mohan Lal,Odiyan,Satyam Audios,2018,Malayalam
"Vathilil,Gopi Sundar & Haricharan,Usthad Hotel,Satyam Audios,2012",05:49:06-05:51:59,Vathilil,Gopi Sundar & Haricharan,Usthad Hotel,Satyam Audios,2012,Malayalam
"Malare,Pravin Mani, Kaithapram, Shweta Mohan, Benny Ibarra, Bhargavi, Arjun Sasi & Anaitha Nair,By The People,Speed Audio,2005",05:52:03-05:55:22,Malare,"Pravin Mani, Kaithapram, Shweta Mohan, Benny Ibarra, Bhargavi, Arjun Sasi & Anaitha Nair",By The People,Speed Audio,2005,Malayalam
"Manivathil,Madhu Balakrishnan & Thulasi Yatheendran,Thappana,Manorama Music,2012",05:55:25-05:57:34,Manivathil,Madhu Balakrishnan & Thulasi Yatheendran,Thappana,Manorama Music,2012,Malayalam
"Paathira Kaalam,.Tribemama Marykali,Kurup,Sregama,2021",05:57:38-06:00:38,Paathira Kaalam,.Tribemama Marykali,Kurup,Sregama,2021,Malayalam
"Resamale,Rajesh Murugesan, Kapil Kapilan, Fazzy & Shabareesh Varma,United Kingdom Of Kerala,Fragrant Nature Film Creations,2025",06:02:21-06:05:34,Resamale,"Rajesh Murugesan, Kapil Kapilan, Fazzy & Shabareesh Varma",United Kingdom Of Kerala,Fragrant Nature Film Creations,2025,Malayalam
"Vishukili,K.S. Chithra & Sharreth,Ivan Megharoopan,Universal Music India Pvt.Ltd,2012",06:05:37-06:08:44,Vishukili,K.S. Chithra & Sharreth,Ivan Megharoopan,Universal Music India Pvt.Ltd,2012,Malayalam
"Karigalan,Surchith, Vijay Antony & Sangeetha Rajeshwaran,Vettaikaaran,Sony Music Entertainment India Pvt.Ltd,2009",06:09:41-06:12:15,Karigalan,"Surchith, Vijay Antony & Sangeetha Rajeshwaran",Vettaikaaran,Sony Music Entertainment India Pvt.Ltd,2009,Malayalam
"Maarante Pennalle,Christo Xavier, Yogisekar & Vaishak Sugunan,18",06:12:30-06:15:21,Maarante Pennalle,"Christo Xavier, Yogisekar & Vaishak Sugunan",18+,Thinkmusic,2023,Malayalam
"Khuda Oh Khuda,Shankar Mahadevan,Mr. Fraud,Muzik27,2014",06:16:35-06:19:46,Khuda Oh Khuda,Shankar Mahadevan,Mr. Fraud,Muzik247,2014,Hindi
"Husn Parcham,Bhoomi Trivedi, Raja Kumari & Ajay-Atul,Zero,T-Series,2018",06:19:51-06:22:21,Husn Parcham,"Bhoomi Trivedi, Raja Kumari & Ajay-Atul",Zero,T-Series,2018,Hindi
"Nee Himamazhayayi,Kailas Menon, K. S. Harisankar & Nithya Mammen,Edakkad Battalion 06,Millennium Audios,2019",06:22:37-06:25:45,Nee Himamazhayayi,"Kailas Menon, K. S. Harisankar & Nithya Mammen",Edakkad Battalion 06,Millennium Audios,2019,Malayalam
"Anuraghathin Velayil,Shaan Rahman & Vineeth Sreenivasan,Thattathin Marayathu,Satyam Audios,2012",06:25:49-06:28:40,Anuraghathin Velayil,Shaan Rahman & Vineeth Sreenivasan,Thattathin Marayathu,Satyam Audios,2012,Malayalam
"Manasilaayo,Anirudh Ravichander, Malaysia Vasudevan, Deepthi Suresh & Yugendran Vasudevan,Vettaiyan,Sony Music Entertainment India Pvt.Ltd,2024",06:30:05-06:33:09,Manasilaayo,"Anirudh Ravichander, Malaysia Vasudevan, Deepthi Suresh & Yugendran Vasudevan",Vettaiyan,Sony Music Entertainment India Pvt.Ltd,2024,Malayalam
"EdaKochi Ishq,Justin Varghese, Shikha Prabhakaran & Suhail Koya,Daveed,Think Music,2025",06:33:13-06:36:34,EdaKochi Ishq,"Justin Varghese, Shikha Prabhakaran & Suhail Koya",Daveed,Think Music,2025,Malayalam
"En Roja Neeye, Hesham Abdul Wahab & Arun Alat,Kushi,T-Series,2018",06:38:01-06:40:22,En Roja Neeye,Hesham Abdul Wahab & Arun Alat,Kushi,T-Series,2018,Malayalam
"Kathorthu Kathorthu,Unni Menon & Ranjin Raj,Karnan Napoleon Bhagat Singh,Muzik247,2020",06:40:26-06:43:17,Kathorthu Kathorthu,Unni Menon & Ranjin Raj,Karnan Napoleon Bhagat Singh,Muzik247,2020,Malayalam
"Main Ki Karaan?,Pritam, Sonu Nigam & Romy,Laal Singh Chaddha,T-Series,2022",06:44:48-06:47:33,Main Ki Karaan?,"Pritam, Sonu Nigam & Romy",Laal Singh Chaddha,T-Series,2022,Hindi
"Up All Night ,James Bay,Change All The Time,Mercury Records,2024",06:49:37-06:52:43,Up All Night,James Bay,Change All The Time,Mercury Records,2024,English
"song:Oruthi,Bheemante Vazhi,Vishnu Vijay,OPM Records,2021",06:52:45-06:55:38,,,,,,
"Kannil Umma Vechu Paadaam,Vidyasagar, Gireesh Puthenchery, Vidhu Prathap & Sujatha,Alice In Wonderland,Thomsum Music,2002",06:55:41-06:58:17,Kannil Umma Vechu Paadaam,"Vidyasagar, Gireesh Puthenchery, Vidhu Prathap & Sujatha",Alice In Wonderland,Thomsum Music,2002,Malayalam
"Kootti Muttiya,M. G. Sreekumar & Sujatha,Pullippulikalum Attinkuttyum,East Cost AudioEntertainments,2013",06:58:21-07:01:13,Kootti Muttiya,M. G. Sreekumar & Sujatha,Pullippulikalum Attinkuttyum,East Cost AudioEntertainments,2013,Malayalam
"Mamboo Manamithaa,Kapil Kapilan, Sreenanda Sreekumar & Bibin Ashok,Thanupp,Manorama Music,2024",07:03:00-07:06:15,Mamboo Manamithaa,"Kapil Kapilan, Sreenanda Sreekumar & Bibin Ashok",Thanupp,Manorama Music,2024,Malayalam
"Ee Thalavara,Amritha Jayakumar, Fejo, P. S. Jayhari & Engandiyoor Chandrasekharan,Athiran,Manorama Music,2019",07:06:18-07:09:09,Ee Thalavara,"Amritha Jayakumar, Fejo, P. S. Jayhari & Engandiyoor Chandrasekharan",Athiran,Manorama Music,2019,Malayalam
"Hatja,Vishnu Vijay, K.S. Harisankar & Suhail Koya,Alappuzha Gymkhana,Think Music,2025",07:10:39-07:13:26,Hatja,"Vishnu Vijay, K.S. Harisankar & Suhail Koya",Alappuzha Gymkhana,Think Music,2025,Malayalam
"Damakku Damakku, Harris Jayaraj & Benny Dayal,Aadhavan,Sony Music Entrtainment India Pvt.Ltd,2009",07:15:38-07:18:45,Damakku Damakku,Harris Jayaraj & Benny Dayal,Aadhavan,Sony Music Entrtainment India Pvt.Ltd,2009,Malayalam
"Chembavu,Pushpavathy,Salt&Pepper,Manorama Music,2011",07:20:14-07:23:20,Chembavu,Pushpavathy,Salt&Pepper,Manorama Music,2011,Malayalam
"Nilavum,Vidyasagar&harichandran,Ennum Eppozhum,satyam Audios,2015",07:23:24-07:25:57,Nilavum,Vidyasagar&harichandran,Ennum Eppozhum,satyam Audios,2015,Malayalam
"Tumse Bhi Zyada,Pritam & Arijit Singh,Tadap,T-Series,2021",07:29:04-07:32:07,Tumse Bhi Zyada,Pritam & Arijit Singh,Tadap,T-Series,2021,Hindi
"Nenjodu Vinaa ,4 Musics, Dhanush & Biby Mathew,Brother's Day,Magic Frames Music,2019",07:32:11-07:34:50,Nenjodu Vinaa,"4 Musics, Dhanush & Biby Mathew",Brother's Day,Magic Frames Music,2019,Malayalam
"Kaattaadi Thanalum,Alex Paul, Vidhu Prathap, Cicily, Reju Joseph & Ramesh Babu,Classmates,Satyam Audios,2008",07:36:01-07:38:25,Kaattaadi Thanalum,"Alex Paul, Vidhu Prathap, Cicily, Reju Joseph & Ramesh Babu",Classmates,Satyam Audios,2008,Malayalam
"Choolamadikkada, Sam C.S. & Vinayak Sasikumar,Kondal,Saregama India Ltd,2024",07:38:28-07:41:24,Choolamadikkada,Sam C.S. & Vinayak Sasikumar,Kondal,Saregama India Ltd,2024,Malayalam
"Ae Pulla,A.R.Rahman,&Sid Sriram,Lal Salaam,Sony Music Entertainment India Pvt.Ltd,2024",07:44:05-07:46:58,Ae Pulla,"A.R.Rahman, &Sid Sriram",Lal Salaam,Sony Music Entertainment India Pvt.Ltd,2024,Malayalam
"Cheth Song ,Vishnu Vijay, Aparna Harikumar, Padmaja Sreenivasan, Indu Sanath & Vinayak Sasikumar,Pravinkoodu Shappu,Sony Music Entertainment India Pvt.Ltd,2025",07:48:18-07:51:26,Cheth Song,"Vishnu Vijay, Aparna Harikumar, Padmaja Sreenivasan, Indu Sanath & Vinayak Sasikumar",Pravinkoodu Shappu,Sony Music Entertainment India Pvt.Ltd,2025,Malayalam
"Tauba Tauba,Karan Aujla,Bad Newz,Saregama India Ltd,2024",07:53:46-07:57:10,Tauba Tauba,Karan Aujla,Bad Newz,Saregama India Ltd,2024,Punjabi
"Evangeline,Stephen Sanchez,Angel Face,Mercury Records/Republic Records,2023",07:57:13-07:59:56,Evangeline,Stephen Sanchez,Angel Face,Mercury Records/Republic Records,2023,English
"Vaazha Anthem,
Nomadic Voice,
Vaazha,
Think Music, 2024",08:01:13-08:03:51,Vaazha Anthem,Nomadic Voice,Vaazha,Think Music,2024,Malayalam
"Ee Thanutha,
Vidyasagar,Karthik & Swetha Mohan,
Anarkali,
Satyam Audios,2015",08:03:53-08:05:52,Ee Thanutha,"Vidyasagar, Karthik & Swetha Mohan",Anarkali,Satyam Audios,2015,Malayalam
"Enikku Paadanoru,
M.Jayachandran&Sainoj,
Iver Vivahitharayal,
Satyam Audios,
2008",08:06:55-08:10:02,Enikku Paadanoru,M.Jayachandran&Sainoj,Iver Vivahitharayal,Satyam Audios,2008,Malayalam
"Veyil Chilla,
Vishnu Mohan,
Zachariyayude Garbinikal,
Muzik247,
2013",08:14:15-08:16:56,Veyil Chilla,Vishnu Mohan,Zachariyayude Garbinikal,Muzik247,2013,Malayalam
"Pagal Iravai Maraigirai,
Pranav Das,
2021",08:18:25-08:21:32,Pagal Iravai Maraigirai,,Pagal Iravai Maraigirai,Pranav Das,2021,Malayalam
"Kannoram Chingaram,
Shreya Ghoshal & Murugan Kattakkada,
Rathinirvedam,
Manorama Music, 2011",08:21:36-08:24:10,Kannoram Chingaram,Shreya Ghoshal & Murugan Kattakkada,Rathinirvedam,Manorama Music,2011,Malayalam
"Lailakame,
Haricharan,
Ezra,
Muzik247,
2016",08:27:34-08:30:42,Lailakame,Haricharan,Ezra,Muzik247,2016,Malayalam
"Raabta,
Pritam, Hamsika & Arijit Singh,
Agent Vinod,
T Series, 2012",08:30:48-08:33:40,Raabta,"Pritam, Hamsika & Arijit Singh",Agent Vinod,T Series,2012,Hindi
"Kilukilukkaam Cheppe,
S P Venkadesh, K J Yesudas & K S Chithra,
Priyappetta Kukku,
Johny Sagariga,
1992",08:34:36-08:37:17,Kilukilukkaam Cheppe,"S P Venkadesh, K J Yesudas & K S Chithra",Priyappetta Kukku,Johny Sagariga,1992,Malayalam
"Oru Venal Puzhayil,
Ousephachan & Ranjith Govind,
Pranayakaalam,
Satyam Audio, 2008",08:37:20-08:39:52,Oru Venal Puzhayil,Ousephachan & Ranjith Govind,Pranayakaalam,Satyam Audio,2008,Malayalam
"Jeevithagaadhakale,
Amrit Ramnath, K S Chithra, Sreevalsan, J Menon, & Mithun Jayaraj,
Varshangalkku Shesham,
Think Music, 2024",08:42:36-08:45:20,Jeevithagaadhakale,"Amrit Ramnath, K S Chithra, Sreevalsan, J Menon, & Mithun Jayaraj",Varshangalkku Shesham,Think Music,2024,Malayalam
"Aga Naga,
A R Rahman & Shakthisree Gopalan,
Ponniyan Selvan,
Tips Industries Ltd,
2023",08:46:42-08:50:05,Aga Naga,A R Rahman & Shakthisree Gopalan,Ponniyan Selvan,Tips Industries Ltd,2023,Malayalam
"Mazhavillile,
Vishnu Vijay & Mu.Ri
Falimy,
Think Music, 2023",08:53:38-08:56:36,Mazhavillile,,"Vishnu Vijay & Mu.Ri
Falimy",Think Music,2023,Malayalam
"Doobey,
OAFF, Savera, Sickflip, Lothika & Kausar Munir,
Gehraiyaan,
Sony Music Entertainments India Pvt Ltd, 2022",08:56:36-08:59:30,Doobey,"OAFF, Savera, Sickflip, Lothika & Kausar Munir",Gehraiyaan,Sony Music Entertainments India Pvt Ltd,2022,Hindi
"Naadake Nadakam,
Dawn Vincent,Aloshi Adams,Sannidhandan,
Ashok Ponnappan,Subramanian K V &Raji,
Sureshanteyum Sumalathayudeyum Hrudayahariyaya 
Pranayakadha,
Sony Music Entertainment India Ltd.,2024",09:00:57-09:03:56,Naadake Nadakam,"Dawn Vincent, Aloshi Adams, Sannidhandan, Ashok Ponnappan, Subramanian K V &Raji","Sureshanteyum Sumalathayudeyum Hrudayahariyaya 
Pranayakadha",Sony Music Entertainment India Ltd.,2024,Malayalam
"Thiruvaavaniraavu,
Unni Menon,Sithara Krishnakumar &
Meera Scharma,
Hits Of Sithara Krishnakumar,
Muzik247,2016",09:03:59-09:06:52,Thiruvaavaniraavu,"Unni Menon, Sithara Krishnakumar &
Meera Scharma",Hits Of Sithara Krishnakumar,Muzik247,2016,Malayalam
"Peeli Kannezhuth,
Johnson,G.Venugopal & K.S. Chithra,
Sneha Sagaram,
Satyam Audios,1992",09:08:18-09:10:52,Peeli Kannezhuth,"Johnson, G.Venugopal & K.S. Chithra",Sneha Sagaram,Satyam Audios,1992,Malayalam
"Thumbikkalayaanathinu,
Berny-lgnatius,M.G. Sreekumar & Sujatha,
Kalyaana Raman,
Satyam Audios,2001",09:13:17-09:15:24,Thumbikkalayaanathinu,"Berny-lgnatius, M.G. Sreekumar & Sujatha",Kalyaana Raman,Satyam Audios,2001,Malayalam
"Vaathil Melle,
Sachin Warrier,
Neram.
Think Music,2013",09:16:37-09:19:44,Vaathil Melle,,Sachin Warrier,"Neram.
Think Music",2013,Malayalam
"Aathi adi Aathi,
G.V.Prakash Kumar ,Sadhika K R &
Vivek,
Veera Dheera Sooran,
Think Music,2025",09:19:48-09:22:12,Aathi adi Aathi,"G.V.Prakash Kumar, Sadhika K R &
Vivek",Veera Dheera Sooran,Think Music,2025,Malayalam
"Kandu Kandu Kandilla,
Mohan Sithara,
Ishtam,
Satyam Audios,2001",09:24:24-09:27:14,Kandu Kandu Kandilla,Mohan Sithara,Ishtam,Satyam Audios,2001,Malayalam
"Kannimalare Kanninazhake,
Gayathri Suresh,deepak Dev & Najim Arshad,
Ithihasa,
East Coast Audio Entertainments,2014",09:27:17-09:29:59,Kannimalare Kanninazhake,"Gayathri Suresh, deepak Dev & Najim Arshad",Ithihasa,East Coast Audio Entertainments,2014,Malayalam
"Rajha,
Jasleen Royal & B.Praak,
Shershaah,
Sony Music Entertainment India Pvt Ltd,2021",09:30:57-09:34:01,Ranjha,Jasleen Royal & B.Praak,Shershaah,Sony Music Entertainment India Pvt Ltd,2021,Hindi
"Aanne,
Kailas Menon,Dabzee,Athul Narukara &
Sruthy Sivadas,,
Little Hearts,
sony Music Entertainment Inida Pvt Ltd,2024",09:34:04-09:37:09,Aanne,"Kailas Menon, Dabzee, Athul Narukara &
Sruthy Sivadas, ",Little Hearts,sony Music Entertainment Inida Pvt Ltd,2024,Malayalam
"Hey Madhuchandrike,
Vijay Yesudas,
Argentina Fans Kaattoorkadavu,
Muzik247,2019",09:39:09-09:42:02,Hey Madhuchandrike,Vijay Yesudas,Argentina Fans Kaattoorkadavu,Muzik247,2019,Malayalam
"Ethrayo,
Vidyasagar,Srinivas & Sujatha,
Summer In Bathlehem,
Satyam Audios,1998",09:42:51-09:45:24,Ethrayo,"Vidyasagar, Srinivas & Sujatha",Summer In Bathlehem,Satyam Audios,1998,Malayalam
"Whistle Pode,
Thalapathy Vijay & Yuvan Shankar Raja,
The Greatest Of All Time,
T-Series,2024",09:48:43-09:51:49,Whistle Pode,Thalapathy Vijay & Yuvan Shankar Raja,The Greatest Of All Time,T-Series,2024,Malayalam
"Manathu Udichathu,
Najeem Arshad & Saptaparna Chakraborthy,
Immanuel,
Muzik247,2014",09:51:52-09:54:15,Manathu Udichathu,Najeem Arshad & Saptaparna Chakraborthy,Immanuel,Muzik247,2014,Malayalam
"Shehzada,
Pritam, Sonu Nigam & Mayur Puri,
Shehzada,
T-Series,2023",09:54:18-09:57:23,Shehzada,"Pritam, Sonu Nigam & Mayur Puri",Shehzada,T-Series,2023,Hindi
"Sink Or Swim,
One Republic,
Super Deluxe,
Mosley Music/interscope Records,2024",09:57:26-09:57:55,Sink Or Swim,One Republic,Super Deluxe,Mosley Music/interscope Records,2024,English
"Eyy Banana,
Electronic Kili & VInayak Sasikumar,
Vaazha,
Think Music,2024",10:01:47-10:04:56,Eyy Banana,Electronic Kili & VInayak Sasikumar,Vaazha,Think Music,2024,Malayalam
"Let Me Down Slowly,
Alec Benjamin,
Narrated for You,
2018",10:06:30-10:09:15,Let Me Down Slowly,,Alec Benjamin,Narrated for You,2018,English
"Kadukumanikkoru Kannundu,
Sithara & Krishnakumar,
Kappela,
Millennium audios,2020",10:12:30-10:14:03,Kadukumanikkoru Kannundu,Sithara & Krishnakumar,Kappela,Millennium audios,2020,Malayalam
"Olikkunnuvo,
Raveendran & K.J Yesudas,  
Chambakulam Thachan,
Satyam Audios,1992",10:16:04-10:18:44,Olikkunnuvo,Raveendran & K.J Yesudas,Chambakulam Thachan,Satyam Audios,1992,Malayalam
"Rasoolallah,
Mohd.Maqbool Mansoor,
Salalah Mobiles,
Muzik247,2014",10:18:49-10:21:53,Rasoolallah,Mohd.Maqbool Mansoor,Salalah Mobiles,Muzik247,2014,Malayalam
"Ullaallaa,
Nakash Aziz & Inno Genga,
Petta,
Sony Music Entertainment India Pvt.Ltd,2018",10:25:13-10:28:36,Ullaallaa,Nakash Aziz & Inno Genga,Petta,Sony Music Entertainment India Pvt.Ltd,2018,Malayalam
"Ponnaavanippadam,
Madhu Balakrishnan, Manjari & Gireesh Puthencherry,
Rasathanthram,
Manorama Music,2005",10:28:41-10:31:11,Ponnaavanippadam,"Madhu Balakrishnan, Manjari & Gireesh Puthencherry",Rasathanthram,Manorama Music,2005,Malayalam
"Baby Baby,
Justin Varghese,Lalitha Vijayakumar,
Himma Hilari & Hinitha Hilary,
Think Music,2025",10:33:14-10:36:49,Baby Baby,"Justin Varghese, Lalitha Vijayakumar",Himma Hilari & Hinitha Hilary,Think Music,2025,Malayalam
"Malarithal,
K.S. Yesudas,
Ente Kaanakuyil,
Tharangini Sound of Arts,1985",10:36:51-10:39:07,Malarithal,K.S. Yesudas,Ente Kaanakuyil,Tharangini Sound of Arts,1985,Malayalam
"Udi,
Sunidhi Chauhan & Shail Hada,
Guzaarish,
T-Series,2010",10:43:29-10:46:24,Udi,Sunidhi Chauhan & Shail Hada,Guzaarish,T-Series,2010,Hindi
"Kutty Kudiye,
Vishnu Vijay, Suhail Koya & 
Sanjith Hedge,
Premalu,
Bhavana Studios,2024",10:48:38-10:51:28,Kutty Kudiye,"Vishnu Vijay, Suhail Koya & 
Sanjith Hedge",Premalu,Bhavana Studios,2024,Malayalam
"Hey Penne,
Nandhagopan V, Adithya RK & Vinayak Sasikumar,
Haal,
Think Music,2025",10:54:57-10:58:57,Hey Penne,"Nandhagopan V, Adithya RK & Vinayak Sasikumar",Haal,Think Music,2025,Malayalam
"Chuttamalle,
Anirudh Ravichander,Shilpa Rao &
Ramajogayya Sastry,
Devara Part 1,
T-Series,2024",11:00:00-11:02:29,Chuttamalle,"Anirudh Ravichander, Shilpa Rao &
Ramajogayya Sastry",Devara Part 1,T-Series,2024,Malayalam
"Mouna Sundari,
Vidyasagar,Karthik,Mridula Warrier &
Vinayak Sasikumar,
Gopurangal,
Muzik247,2023",11:04:32-11:07:15,Mouna Sundari,"Vidyasagar, Karthik, Mridula Warrier &
Vinayak Sasikumar",Gopurangal,Muzik247,2023,Malayalam
"Sher Khul Gaye,
VIshal & Shekhar,Benny Dayal,Shilpa Rao & Kumar,
Flighter,
T-Series,2023",11:09:04-11:11:50,Sher Khul Gaye,"VIshal & Shekhar, Benny Dayal, Shilpa Rao & Kumar",Flighter,T-Series,2023,Hindi
"Show Pony,
Glass Animals,
I Love You So F**ing Much,
Polydor Records,2024",11:13:57-11:17:08,Show Pony,Glass Animals,I Love You So F**ing Much,Polydor Records,2024,English
"Gandharva Ganam,
Rex Vijayan,Shweta Mohan,Sooraj Santhosh&
Vinayak Sasikumar,
Rifle Club,
Think Music,2024",11:19:10-11:22:31,Gandharva Ganam,"Rex Vijayan, Shweta Mohan, Sooraj Santhosh&
Vinayak Sasikumar",Rifle Club,Think Music,2024,Malayalam
"Ente Ellam Ellam Alle,
Vidyasagar,K.J.Yesudas&Sujatha,
Meesamadhavan,
Satyam Audios,2002",11:22:35-11:25:38,Ente Ellam Ellam Alle,"Vidyasagar, K.J.Yesudas&Sujatha",Meesamadhavan,Satyam Audios,2002,Malayalam
"Theliveyil,
Sudeep Kumar&Sangeetha Sreekanth,
Super 10,
Muzik247,2016",11:28:53-11:31:37,Theliveyil,Sudeep Kumar&Sangeetha Sreekanth,Super 10,Muzik247,2016,Malayalam
"Kathala Kannala,
Naveen Madhav,
Anjathe,
Divo Tv Private Limited,2020",11:31:42-11:34:51,Kathala Kannala,Naveen Madhav,Anjathe,Divo TV Pvt Ltd,2020,Malayalam
"Arbhadam,
Justin Varghese,Zia UI Haq & Suhail Koya,
Ponman,
Tthink Music,2025",11:36:19-11:39:35,Arbhadam,"Justin Varghese, Zia UI Haq & Suhail Koya",Ponman,Thinkmusic,2025,Malayalam
"Poomkattinodum,
K.J. Yesudas, & Janaki,
Poomugha Padivathukal Nineyum Kaathu,
1986",11:39:39-11:42:08,Poomkattinodum,K.J. Yesudas,& Janaki,Poomugha Padivathukal Nineyum Kaathu,1986,Malayalam
"Akalayo Nee,
Vijay Yesudas,
Grandmaster,
2012",11:44:15-11:47:32,Akalayo Nee,Vijay Yesudas,Grandmaster,,2012,Malayalam
"Khairiyat,
Pritam & Arijit Singh,
Happy,
T-Series,2019",11:49:17-11:52:11,Khairiyat,Pritam & Arijit Singh,Happy,T-Series,2019,Hindi
"Karukavayal,
S.P. Venkitesh, Mammooty,Gouthamy & Chitra,
Dhruvam,
1993",11:54:18-11:56:25,Karukavayal,"S.P. Venkitesh, Mammooty",Gouthamy & Chitra,Dhruvam,1993,Malayalam
"Chikki Chikki,
Govind Vasantha,
Little Miss Rawther,
Wonderwall Records,2023",11:56:28-11:57:40,Chikki Chikki,Govind Vasantha,Little Miss Rawther,Wonderwall Records,2023,Malayalam
"Vazhithunaiye,
Leon James,SId Sriram,Sanjana Kalmanje &
Vignesh Shivam,
Dragon,
Think Music,2025",11:57:44-12:00:08,Vazhithunaiye,"Leon James, SId Sriram, Sanjana Kalmanje &
Vignesh Shivam",Dragon,Think Music,2025,Malayalam
"Neon Ride,
Baby Jean,Zeba Tommy,Ramya Ramc &
Jakes Bejoy,
Officer on Duty,
Saregama India Ltd,
2025",12:03:13-12:06:14,Neon Ride,"Baby Jean, Zeba Tommy, Ramya Ramc &
Jakes Bejoy",Officer on Duty,Saregama India Ltd,2025,Malayalam
"The Tholvi Song,
The Humble Musician,
Tholvi F.C,
Think Munsic,2023",12:07:49-12:10:03,The Tholvi Song,The Humble Musician,Tholvi F.C,Think Music,2023,Malayalam
"In Raahon Mein,
Arijith Singh,Shankar Ehsaan Loy & Javed Akhtar,
The Archies,
Sony Music Entertainment,2023",12:12:52-12:15:34,In Raahon Mein,"Arijith Singh, Shankar Ehsaan Loy & Javed Akhtar",The Archies,Sony Music Entertainment,2023,Hindi
"Tough,
Quavo & Lana Del Ray,
Quality Control Music/Motown Records,2024",12:17:29-12:20:31,Tough,Quavo & Lana Del Ray,Single,Quality Control Music/Motown Records,2024,English
"Mankoodi,
Jakes Bejoy & Keshav Vinod,
Kuruthi,
Goodwilll Entertainments,2021",12:20:37-12:23:12,Mankoodi,Jakes Bejoy & Keshav Vinod,Kuruthi,Goodwill Entertainments,2021,Malayalam
"Chaandukudanjoru,
Vidyasagar,Shahabaz Aman & Sujatha,
Chandupottu,
Satyam Studios,2002",12:24:49-12:27:19,Chaandukudanjoru,"Vidyasagar, Shahabaz Aman & Sujatha",Chandupottu,Satyam Studios,2002,Malayalam
"Hemanthamen,
Vijay Yesudas,
Kohinoor,
Muzik247,2015",12:27:22-12:30:24,Hemanthamen,Vijay Yesudas,Kohinoor,Muzik247,2015,Malayalam
"Pon Veena,
M.G. Sreekumar,
Thalavattom,
Millennium Audios,1986",12:32:02-12:34:36,Pon Veena,M.G. Sreekumar,Thalavattom,Millennium Audios,1986,Malayalam
"Urugudhu Urugudhu,
Justin Prabhakaran,Kapil Kapilan &
Shreya Ghoshal, Thamarai,
Ace,
Think Music,2025",12:34:39-12:38:22,Urugudhu Urugudhu,"Justin Prabhakaran, Kapil Kapilan &
Shreya Ghoshal, Thamarai",Ace,Think Music,2025,Malayalam
"Vadakku Dikkiloru,
Samuel Aby,Vineeth Sreenivasan,Sithara Krishnakumar &
Manu Manjith,
Anpodu Kanmani,
123 Musix Entertainments Pvt Ltd,2024",12:40:07-12:42:55,Vadakku Dikkiloru,"Samuel Aby, Vineeth Sreenivasan, Sithara Krishnakumar &
Manu Manjith",Anpodu Kanmani,123 Musix Entertainments Pvt Ltd,2024,Malayalam
"Ramayanakatte,
Raveendran,Kaithapram,M.G. Sreekumar & K.S. Chithra,
Speed Audio,2023",12:45:00-12:47:35,Ramayanakatte,"Raveendran, Kaithapram",M.G. Sreekumar & K.S. Chithra,Speed Audio,2023,Malayalam
"Binte Dil,
Arijith SIngh,
Padmaavat,
T-Series,2018",12:50:29-12:53:17,Binte Dil,Arijith SIngh,Padmaavat,T-Series,2018,Hindi
"Halaballoo,
Benny Dayal,Naresh lyer,Ranjith Govind,Sam C.S.&
Manu Manjith,
RDX,
Saregama,2023",12:53:20-12:56:33,Halaballoo,"Benny Dayal, Naresh lyer, Ranjith Govind, Sam C.S.&
Manu Manjith",RDX,Saregama,2023,Malayalam
"Poove Oru Mazhamutham,
Fahad & Biju,
Kaiyethum Doorathu,
East Coast Audio Entertainments,1997",12:56:35-12:59:24,Poove Oru Mazhamutham,Fahad & Biju,Kaiyethum Doorathu,East Coast Audio Entertainments,1997,Malayalam
"God Bless U,
Anirudh Ravichander,Paal Dabba,G.V. Prakash Kumar &
Rokesh,
T-Series,2025",13:01:03-13:03:36,God Bless U,"Anirudh Ravichander, Paal Dabba, G.V. Prakash Kumar &
Rokesh",,T-Series,2025,Malayalam
"Katchi Sera,
Sai Abhyankkar,
Think Indie ,
Think Music,2024",13:05:18-13:08:02,Katchi Sera,Sai Abhyankkar,Think Indie,Think Music,2024,Malayalam
"Phir Zinda,
Deepak Dev,Anand Bhaskar &
Nabar,
Empuraan,
Aashivad Cinemas,2025",13:11:14-13:13:54,Phir Zinda,"Deepak Dev, Anand Bhaskar &
Nabar",Empuraan,Aashirvad Cinemas,2025,Hindi
"Tum Kya Mile,
Arijit Singh,Shreya Ghoshal,Pritam
&Amitabh Bhattacharya,
Tum Kya Mile,
Saregama,2023",13:15:32-13:18:31,Tum Kya Mile,"Arijit Singh, Shreya Ghoshal, Pritam
&Amitabh Bhattacharya",Tum Kya Mile,Saregama,2023,Hindi
"Hada Ghareeb,
Issam Alnajjar,
Feat.Elyanna,
Republic Recods,2021",13:18:36-13:21:35,Hada Ghareeb,Issam Alnajjar Feat.Elyanna,,Republic Records,2021,Malayalam
"Manamariyunnolu,
Jakes Bejoy,Vijay Yesudas & Sachin Raj,
Porinju Mariyam Jose,
Satyam Audios,2019",13:23:56-13:26:32,Manamariyunnolu,"Jakes Bejoy, Vijay Yesudas & Sachin Raj",Porinju Mariyam Jose,Satyam Audios,2019,Malayalam
"Thanaro,
Sreenath Bhasi&Rex Vijayan,
North 24 kaatham,
E4 Entertainments,2023",13:26:37-13:29:19,Thanaro,Sreenath Bhasi&Rex Vijayan,North 24 kaatham,E4 Entertainment,2023,Malayalam
"Minnalvala,
Jakes Bejoy,Sid Sriram & Sithara Krishnakumar,
Narivetta,
Sony Music Entertainment India Pvt.Ltd,2025",13:31:13-13:34:03,Minnalvala,"Jakes Bejoy, Sid Sriram & Sithara Krishnakumar",Narivetta,Sony Music Entertainment India Pvt.Ltd,2025,Malayalam
"Kalabham Thaaan,
Raveendran & K.S. Chithra,
Vadakkumnathan,
Johny Sagariga,2006",13:34:07-13:36:42,Kalabham Thaaan,Raveendran & K.S. Chithra,Vadakkumnathan,Johny Sagariga,2006,Malayalam
"Excuse Me,
Devi Sri Prasad,Chiyaan Vikram & Suchitra,
Kanthaswamy,
Sony Music Entertainment India Pvt.Ltd,2009",13:38:54-13:42:01,Excuse Me,"Devi Sri Prasad, Chiyaan Vikram & Suchitra",Kanthaswamy,Sony Music Entertainment India Pvt.Ltd,2009,Malayalam
"Ela Kozhiym,
K.J. Yesudas,
Melodies of Yesudas,
MIllennium Audios,1987",13:44:10-13:47:18,Ela Kozhiym,K.J. Yesudas,Melodies of Yesudas,MIllennium Audios,1987,Malayalam
"Neelakasham,
Sujatha&Najim Arshad,
Jomonte Suvisheshangal,
Muzik247,2016",13:50:22-13:52:45,Neelakasham,Sujatha&Najim Arshad,Jomonte Suvisheshangal,Muzik247,2016,Malayalam
"Tip Tip,
Udit Narayan & Alka Yagnik,
Sooryavanshi,
T-Series,2021",13:52:49-13:55:51,Tip Tip,Udit Narayan & Alka Yagnik,Sooryavanshi,T-Series,2021,Hindi
"Edukka Kaashayi,
Swetha, Ashok & Shaan Rahman,
Minnal Murali,
Muzik247,2021",13:55:55-13:58:56,Edukka Kaashayi,"Swetha, Ashok & Shaan Rahman",Minnal Murali,Muzik247,2021,Malayalam
"Omanichumma,
Gopi Sundar,Karthik,Najim Arshad,Vineeth Sreenivasan,
Pooja & Kalyani,
Satyam Audios,2011",13:59:00-14:02:09,Omanichumma,"Gopi Sundar, Karthik, Najim Arshad, Vineeth Sreenivasan",Pooja & Kalyani,Satyam Audios,2011,Malayalam
"Yedi,
G.V. Prakash Kumar,Vivek,Dhanush &
Jonita Gandhi,
Nilavuku En Mel Ennadi Kobam,
Wunderbar Films,2024",14:04:01-14:07:05,Yedi,"G.V. Prakash Kumar, Vivek, Dhanush &
Jonita Gandhi",Nilavuku En Mel Ennadi Kobam,Wunderbar Films,2024,Malayalam
"Everyday,
Vishnu Vijay,Sanjith Hedge & Suhail Koya,
Alappuzha Gymkhana,
Think Music,2025",14:08:22-14:10:29,Everyday,"Vishnu Vijay, Sanjith Hedge & Suhail Koya",Alappuzha Gymkhana,Think Music,2025,Malayalam
"Mazhavil Kothumbileri,
M.G. Sreekumar & K.S. Chithra,
Adwaitham,
Millennium Audios,1991",14:13:00-14:15:33,Mazhavil Kothumbileri,M.G. Sreekumar & K.S. Chithra,Adwaitham,Millennium Audios,1991,Malayalam
"Dafa Kar,
A.R. Rahman & Hiral Viradia,
Heropanti 2,
T-Series,2022",14:16:54-14:19:47,Dafa Kar,A.R. Rahman & Hiral Viradia,Heropanti 2,T-Series,2022,Hindi
"Heaven,
Niall Horan,
The Show,
Capitol Records,2023",14:19:51-14:22:51,Heaven,Niall Horan,The Show,Capitol Records,2023,English
"Pakallravukal,
Neha Nair & Sushin Shyam,
Kurup,
Saregama,2021",14:25:48-14:28:43,Pakallravukal,Neha Nair & Sushin Shyam,Kurup,Saregama,2021,Malayalam
"Devadoothar Paadi,
Biju Narayanan & Ousephchan,
Nna Thaan Case Kodu,
Millennium Audios,2022",14:28:47-14:31:09,Devadoothar Paadi,Biju Narayanan & Ousephchan,Nna Thaan Case Kodu,Millennium Audios,2022,Malayalam
"Braidaathi,
Justin Varghese,Bineetha Ranjith &
Suhail Koya,
Ponman,
Think Music,2024",14:32:45-14:36:13,Braidaathi,"Justin Varghese, Bineetha Ranjith &
Suhail Koya",Ponman,Think Music,2024,Malayalam
"Karakana,
Divya Vineeth & Vineeth Sreenivasan,
Varshangalkku Shesham,
Think Music,2024",14:36:15-14:39:06,Karakana,Divya Vineeth & Vineeth Sreenivasan,Varshangalkku Shesham,Think Music,2024,Malayalam
"Nenjukkule,
A R Rahman & Shakthisree Gopalan,
Kadal,
Sony Music Entertainment India Pvt Ltd, 2012",14:40:46-14:43:54,Nenjukkule,A R Rahman & Shakthisree Gopalan,Kadal,Sony Music Entertainment India Pvt Ltd,2012,Malayalam
"Araliyum Kadhaliyum,
K.S. Chithra,
Jaathakam,
Tharangini Sound of Arts,1988",14:45:27-14:48:08,Araliyum Kadhaliyum,K.S. Chithra,Jaathakam,Tharangini Sound of Arts,1988,Malayalam
"Ilaveyil Viralukal,
K.S.Chithra,
Artist,
Manorama Music,2013",14:50:04-14:52:29,Ilaveyil Viralukal,K.S.Chithra,Artist,Manorama Music,2013,Malayalam
"Muqabla,
Yash Narvekar,Parampara Tandon & Tanishk Bagchi,
Street Dancer 3D,
T-Series,2019",14:52:32-14:55:22,Muqabla,"Yash Narvekar, Parampara Tandon & Tanishk Bagchi",Street Dancer 3D,T-Series,2019,Hindi
"Vidhumukhiye,
Sooraj Santhosh,Anarkali Marikar,
Vaisakh Sugunan & Bibin Ashok,
Mandakini,
Saregama India Ltd,2024",14:55:25-14:58:53,Vidhumukhiye,"Sooraj Santhosh, Anarkali Marikar, Vaisakh Sugunan & Bibin Ashok",Mandakini,Saregama India Ltd,2024,Malayalam
"Swayamvarachandrike,
Deepak Dev & P.Jayachandran,
Chronic Bachelor,
Satyam Audios,1995",14:58:56-15:01:33,Swayamvarachandrike,Deepak Dev & P.Jayachandran,Chronic Bachelor,Satyam Audios,1995,Malayalam
"Rakka Rakka,
Shankar Mahadevan,Nakshathra Santhosh,Sam C.S. &
Vinayak Sasikumar,
Bandra,
Saregama,2023",15:03:25-15:06:32,Rakka Rakka,"Shankar Mahadevan, Nakshathra Santhosh, Sam C.S. &
Vinayak Sasikumar",Bandra,Saregama,2023,Malayalam
"Marannadu Pulle,
Vishnu Vijay & Mu.Ri,
Pani,
Appu Pathu Pappu Production House,2024",15:09:38-15:12:46,Marannadu Pulle,Vishnu Vijay & Mu.Ri,Pani,Appu Pathu Pappu Production House,2024,Malayalam
"Tharalitharaavil,
M.M.Keeravani & K.J. Yesudas,
Sooryamanasam,
Johny Sagariga,1992",15:14:50-15:17:46,Tharalitharaavil,M.M.Keeravani & K.J. Yesudas,Sooryamanasam,Johny Sagariga,1992,Malayalam
"song:Aathi adi Aathi,
G.V.Prakash Kumar ,Sadhika K R &
Vivek,
Veera Dheera Sooran,
Think Music,2025",15:21:15-15:23:40,,,,,,
"Punnara Kattile Poovanatthil,
Shreekumar Vakkiyil,Abhaya Hiranmai & P.S. Rafeeque,
Malaikottai Vaaliban,
Saregama,2023",15:23:44-15:26:24,Punnara Kattile Poovanatthil,"Shreekumar Vakkiyil, Abhaya Hiranmai & P.S. Rafeeque",Malaikottai Vaaliban,Saregama,2023,Malayalam
"Who's In Your Head,
Jonas Brother,
Republic Records,2021",15:29:17-15:32:15,Who's In Your Head,Jonas Brothers,,Republic Records,2021,English
"Maanathe Chandiranothoru,
Berny-Ignatius,M.G. Sreekumar & Subha,
Chandralekha,
Johny Sagariga,2004",15:32:19-15:34:45,Maanathe Chandiranothoru,"Berny-Ignatius, M.G. Sreekumar & Subha",Chandralekha,Johny Sagariga,2004,Malayalam
"Tere Sang Ishq Hua,
Tanishk Bagchi,Arijit SIngh,Neeti Mohan & Kunaal Vermaa,
Yodha,
T-Series,2024",15:36:30-15:39:42,Tere Sang Ishq Hua,"Tanishk Bagchi, Arijit SIngh, Neeti Mohan & Kunaal Vermaa",Yodha,T-Series,2024,Malayalam
"Ennalakalle,
LAL & Job Kurien,
Honey Bee,
Muzik247,2013",15:39:45-15:42:07,Ennalakalle,LAL & Job Kurien,Honey Bee,Muzik247,2013,Malayalam
"Thudarkinakkalil,
K.J. Yesudas & K.S. Chithra,
Gandhi Nagar 2nd Street,
Millenniu Audios,1986",15:49:49-15:53:06,Thudarkinakkalil,K.J. Yesudas & K.S. Chithra,Gandhi Nagar 2nd Street,Millenniu Audios,1986,Malayalam
"O Podu 1,
Anuradha Sriram,
Gemini,
Anak Audio,2002",15:54:53-15:57:16,O Podu 1,Anuradha Sriram,Gemini,Anak Audio,2002,Malayalam
"Chillane,
Tony & Neha Nair,
22 Female Kottayam,
Manorama Music,2011",15:57:21-16:00:24,Chillane,Tony & Neha Nair,22 Female Kottayam,Manorama Music,2011,Malayalam
"Maname Aalolam,
Sam C S, Kapil Kapilan, Manu Manjith & Shakthisree Gopalan,
Get Set Baby,
Think Music, 2025",16:02:07-16:05:18,Maname Aalolam,"Sam C S, Kapil Kapilan, Manu Manjith & Shakthisree Gopalan",Get Set Baby,Think Music,2025,Malayalam
"Monta Re,
Swanand Kirkire,Amitabh Bhattacharya & Amit,Trivedi,
Lootera,
T-Series,2013",16:06:44-16:09:02,Monta Re,"Swanand Kirkire, Amitabh Bhattacharya & Amit, Trivedi",Lootera,T-Series,2013,Hindi
"Karimizhi,
Vidyasagar,V.Devanand & Sujatha,
Meesamadhavan,
Satyam Audios,2002",16:11:15-16:14:21,Karimizhi,"Vidyasagar, V.Devanand & Sujatha",Meesamadhavan,Satyam Audios,2002,Malayalam
"Chinna Chinna Kangal,
Thalapathy VIjay,Yuvan Shankar Raja &
Raja Bhavatharini,
The Greatest Of All TIme,
T-Series,2024",16:14:25-16:18:01,Chinna Chinna Kangal,"Thalapathy VIjay, Yuvan Shankar Raja &
Raja Bhavatharini",The Greatest Of All TIme,T-Series,2024,Malayalam
"Maambazha Thottathil,
M.Jayachandran,Sruthy Sivadas & Vineeth Sreenivasan,
Qurbani,
Satyam Audios,2023",16:21:25-16:24:32,Maambazha Thottathil,"M.Jayachandran, Sruthy Sivadas & Vineeth Sreenivasan",Qurbani,Satyam Audios,2023,Malayalam
"Bhool Bhulaiyaa 2,
Pritam,Tanishk Bagchi,Neeraj Shridhar & Mellow D,
Bhool Bhulaiyaa 2,
T-Series,2022",16:24:36-16:27:30,Bhool Bhulaiyaa 2,"Pritam, Tanishk Bagchi, Neeraj Shridhar & Mellow D",Bhool Bhulaiyaa 2,T-Series,2022,Hindi
"WE ARE YOUNG,
TRI BI
W A Y,
Universal Music Ltd,
2023",16:29:50-16:32:46,WE ARE YOUNG,"TRI BI
W A Y",,Universal Music Ltd,2023,English
"Onnam Ragam,
G Venugopal & K S Chithra,
Thoovanathumbikal,
Tharangini Sound of Arts, 1987",16:32:49-16:35:08,Onnam Ragam,G Venugopal & K S Chithra,Thoovanathumbikal,Tharangini Sound of Arts,1987,Malayalam
"Marivil,
Najeem Arshad,
Drishyam,
Muzik247,
2014",16:37:30-16:39:55,Marivil,Najeem Arshad,Drishyam,Muzik247,2014,Malayalam
"Heart Attack,
Justin Varghese, Fejo & Vinayak Sasikumar,
Painkili,
Think Music, 2025",16:42:22-16:45:17,Heart Attack,"Justin Varghese, Fejo & Vinayak Sasikumar",Painkili,Think Music,2025,Malayalam
"Pranayame,
Haricharan & Saindhavi,
Ladies & Gentleman,
East Cost Audio Entertainments, 2012",16:48:12-16:51:17,Pranayame,Haricharan & Saindhavi,Ladies & Gentleman,East Coast Audio Entertainments,2012,Malayalam
"Endhira Logathu Sundariye,
A R Rahman, Sid Sriram & Shashaa Tirupati,
2.0,
Divo Tv Pvt Ltd,
2017",16:51:20-16:54:15,Endhira Logathu Sundariye,"A R Rahman, Sid Sriram & Shashaa Tirupati",2,Divo TV Pvt Ltd,2017,Malayalam
"Midukki Midukki,
Sinduri Vishal, G V Prakash Kumar & Kaithaparam,
Thangalaan,
Times Music, 2024",16:54:18-16:57:23,Midukki Midukki,"Sinduri Vishal, G V Prakash Kumar & Kaithaparam",Thangalaan,Times Music,2024,Malayalam
"Manjaadum,
Nadirshah, Vijay Yesudas, Afsal & Samad,
Amar Akbar Anthony,
Sony Music Entertainment India Pvt Ltd, 2015",16:57:26-17:00:16,Manjaadum,"Nadirshah, Vijay Yesudas, Afsal & Samad",Amar Akbar Anthony,Sony Music Entertainment India Pvt Ltd,2015,Malayalam
"Armadham,
Pranavam Sasi,
Aavesham,
Think Music,2024",17:01:40-17:04:30,Armadham,Pranavam Sasi,Aavesham,Think Music,2024,Malayalam
"Kannadi Poove,
Sam C.S,Vineeth Sreenivasan&Vinayak Sasikumar,
Ennu Swantham Punyalan,
Magic Frames Music,2024",17:05:22-17:08:00,Kannadi Poove,"Sam C.S, Vineeth Sreenivasan&Vinayak Sasikumar",Ennu Swantham Punyalan,Magic Frames Music,2024,Malayalam
"Ishq Karo Dil Se,
Amaal Mallik&Jubin Nautiyal,
Koi Jaane Na,
T-Series,2021",17:10:46-17:13:28,Ishq Karo Dil Se,Amaal Mallik&Jubin Nautiyal,Koi Jaane Na,T-Series,2021,Hindi
"Aaro Kude,
Deepak Dev,Prakash Babu&Jyotsna,
Sunday Holiday,
Satyam Audios,2017",17:14:36-17:16:42,Aaro Kude,"Deepak Dev, Prakash Babu&Jyotsna",Sunday Holiday,Satyam Audios,2017,Malayalam
"Changaayi,
Vineeth Sreenivasan&Sujatha,
Malarvaadi Arts Club,
Manorama Music,2010",17:16:45-17:19:31,Changaayi,Vineeth Sreenivasan&Sujatha,Malarvaadi Arts Club,Manorama Music,2010,Malayalam
"Pookkale Vaanile,
Ranjin Raj,K.S.Harisankar&Shibu Chakravarthy,
Queen Elizabeth,
Muzik247,2023",17:22:23-17:25:17,Pookkale Vaanile,"Ranjin Raj, K.S.Harisankar&Shibu Chakravarthy",Queen Elizabeth,Muzik247,2023,Malayalam
"Character Dheela 2.0,
Pritam,Neeraj Shridhar,Amitabh Bhattacharya&Ashish Pandit,
Shehzada,
T-Series,2023",17:27:22-17:29:50,Character Dheela 2.0,"Pritam, Neeraj Shridhar, Amitabh Bhattacharya&Ashish Pandit",Shehzada,T-Series,2023,Hindi
"Kannum Kannum,
K.J.Yesudas&S.Janaki,
Angadi,
Saregama,1980",17:29:54-17:32:41,Kannum Kannum,K.J.Yesudas&S.Janaki,Angadi,Saregama,1980,Malayalam
"Fire In The Sky,
Aderson.Paak,
MARVEL/Hollywood Records,Inc./Interscope Records,2021",17:35:22-17:38:37,Fire In The Sky,Aderson.Paak,MARVEL/Hollywood Records,Inc./Interscope Records,2021,English
"Readya Maaran,
Dabzee,Zia UI Haq,Jakes Bejoy&Mu.Ri,
Hello Mummy,
Saregama India Ltd,2024",17:40:07-17:43:26,Readya Maaran,"Dabzee, Zia UI Haq, Jakes Bejoy&Mu.Ri",Hello Mummy,Saregama India Ltd,2024,Malayalam
"Raavin Nilaakaayal,
Mohan Sithara&K.J.Yesudas,
Mazhavillu,
Johny Sagariga,1998",17:47:17-17:50:25,Raavin Nilaakaayal,Mohan Sithara&K.J.Yesudas,Mazhavillu,Johny Sagariga,1998,Malayalam
"Akkarey Ninnoru,
Vidyasagar,Vineeth Sreenivasan&Sujatha,
Spanish Masala,
Satyam Audios,2011",17:50:28-17:53:01,Akkarey Ninnoru,"Vidyasagar, Vineeth Sreenivasan&Sujatha",Spanish Masala,Satyam Audios,2011,Malayalam
"Mynaa Mynaa,
Shaan,
Mynaa,
Times Music,2011",17:53:04-17:55:41,Mynaa Mynaa,Shaan,Mynaa,Times Music,2011,Malayalam
"Kannil Kannil,
M.Jayachandran,P.Jayachandran&K.S.Chithra,
Gourishankaram,
Satyam Audios,1995",17:55:44-17:57:55,Kannil Kannil,"M.Jayachandran, P.Jayachandran&K.S.Chithra",Gourishankaram,Satyam Audios,1995,Malayalam
"Kaattil Veezha,
Sakthisree Gopal,Gopi Sundar & Harinarayanan B.K,
Uyare,
Manorama Music,2019",17:57:58-18:00:00,Kaattil Veezha,"Sakthisree Gopal, Gopi Sundar & Harinarayanan B.K",Uyare,Manorama Music,2019,Malayalam
"Kaattil Veezha,
Sakthisree Gopal,Gopi Sundar 
& Harinarayanan B.K,
Uyare,Manorama Music,2019",18:00:00-18:01:03,Kaattil Veezha,"Sakthisree Gopal, Gopi Sundar 
& Harinarayanan B.K",Uyare,Manorama Music,2019,Malayalam
"Kanimaa,
Santhosh Narayanan,The India Choral
Ensemble & Vivek,
Retro,T-Series,2025",18:02:50-18:06:25,Kanimaa,"Santhosh Narayanan, The India Choral
Ensemble & Vivek",Retro,T-Series,2025,Malayalam
"Kaanumbol Ninne,
Rex Vijayan & Asha Jeevan,
Thamaasha,
Happy Hours Entertainments,2019",18:06:27-18:08:47,Kaanumbol Ninne,Rex Vijayan & Asha Jeevan,Thamaasha,Happy Hours Entertainments,2019,Malayalam
"Chandamaama,
Vidyasagar,Anitha Shaiq & Rija ,
Rock N Roll,Speed Audio,2007",18:10:16-18:13:00,Chandamaama,"Vidyasagar, Anitha Shaiq & Rija",Rock N Roll,Speed Audio,2007,Malayalam
"Pularoli ,
Vijay Yesudas,Bhaskar The Rascal,
Manorama Music,2015",18:16:54-18:19:54,Pularoli,Vijay Yesudas,Bhaskar The Rascal,Manorama Music,2015,Malayalam
"Khalibali,
Shivam Pathak & Shail HAda,
PAdmaavat,T-Series,2018",18:21:24-18:23:42,Khalibali,Shivam Pathak & Shail HAda,PAdmaavat,T-Series,2018,Hindi
"Vathikkalu Vellaripravu,
M.Jayachandran,Arjun Krishna,Nithya Mammen,
Zia Ul Haq & B.K.Harinarayanan,
Sufiyum Sujatayum,Friday Music Company,2020",18:23:46-18:26:05,Vathikkalu Vellaripravu,"M.Jayachandran, Arjun Krishna, Nithya Mammen, Zia Ul Haq & B.K.Harinarayanan",Sufiyum Sujatayum,Friday Music Company,2020,Malayalam
"MAdhura Manohara Moham,
Suhail Koya & Jibin Gopal,
MAdhura Manohara Moham,Muzik247,
2023",18:30:03-18:32:37,MAdhura Manohara Moham,Suhail Koya & Jibin Gopal,MAdhura Manohara Moham,Muzik247,2023,Malayalam
"Yennai IzhukkuthAdi,
A.R.Rahman,Dhee & Vivek,
KAdhalikka Neramillai,
T-Series,2024",18:32:41-18:36:05,Yennai IzhukkuthAdi,"A.R.Rahman, Dhee & Vivek",KAdhalikka Neramillai,T-Series,2024,Malayalam
"Noolilla Karakkam ,
Christy Joby,Sreenath Bhasi &
Vinayak sasikumar,Mura,Think Music,2024",18:38:14-18:41:25,Noolilla Karakkam,"Christy Joby, Sreenath Bhasi &
Vinayak sasikumar",Mura,Think Music,2024,Malayalam
"Manickyachirakulla,
Job Kurien,Idukki Gold,
Muzik247,2014",18:41:28-18:44:02,Manickyachirakulla,Job Kurien,Idukki Gold,Muzik247,2014,Malayalam
"Heeriye,
jasleen Royal & Arijit Singh,
Heeriye,Warner Music India,2023",18:46:58-18:49:56,Heeriye,jasleen Royal & Arijit Singh,Heeriye,Warner Music India,2023,Hindi
"Call Me When You Break Up,
Selena Gomez,Benny Blanco &
Gracie Abrams,Call Me When You Break Up,
SMG Music LLC & Friends keep Secrets under exclusive
license  to Interscope Records,
2025",18:52:04-18:54:00,Call Me When You Break Up,"Selena Gomez, Benny Blanco &
Gracie Abrams",Call Me When You Break Up,"SMG Music LLC & Friends keep Secrets under exclusive
license  to Interscope Records",2025,English
"En Raamazhayil,
Ratheesh Vega & Vijay Yesudas,
King Fish,
Goodwill Entertainments,2019",18:57:39-19:00:00,En Raamazhayil,Ratheesh Vega & Vijay Yesudas,King Fish,Goodwill Entertainments,2019,Malayalam
"En Raamazhayil,
Ratheesh Vega & Vijay Yesudas,King Fish,
Goodwill Entertainments,2019",19:00:00-19:00:40,En Raamazhayil,Ratheesh Vega & Vijay Yesudas,King Fish,Goodwill Entertainments,2019,Malayalam
"Flip Song,electronic kili, 
Vijay Anand & Manu Manjith,
Maranamass,Think Music,2025",19:02:39-19:05:26,Flip Song,"electronic kili, Vijay Anand & Manu Manjith",Maranamass,Think Music,2025,Malayalam
"Dooreyo,Sachin Warrier, Vishak Nair, 
Suchith Suresan & Ashwin Gopakumar,
Aanandam,Satyam Audios,2008",19:05:29-19:08:32,Dooreyo,"Sachin Warrier, Vishak Nair, Suchith Suresan & Ashwin Gopakumar",Aanandam,Satyam Audios,2008,Malayalam
"Rahathulla,Anupama,Ghajini,
Roja/Mass Audio,2005",19:10:03-19:12:48,Rahathulla,Anupama,Ghajini,Roja/Mass Audio,2005,Malayalam
"Kande Njaan Aakashathoru,
Hesham Abdul Wahab,NAdhir Shah & Suhail Koya,
Once Upon A Time In Kochi,
Millennium Audios,2024",19:15:36-19:18:37,Kande Njaan Aakashathoru,"Hesham Abdul Wahab, NAdhir Shah & Suhail Koya",Once Upon A Time In Kochi,Millennium Audios,2024,Malayalam
"Hatja,
Vishnu,K.S. Harisankar & Suhail Koya,
Alappuzha Gymkhana,
Think Music,2025",19:20:07-19:22:55,Hatja,"Vishnu, K.S. Harisankar & Suhail Koya",Alappuzha Gymkhana,Think Music,2025,Malayalam
"Tenu Lehenga,
Zahrah S Khan,Jass Manak,Tanishk Bagchi,
Satyameva Jayate ,2021",19:22:59-19:25:17,Tenu Lehenga,"Zahrah S Khan, Jass Manak",Tanishk Bagchi,Satyameva Jayate,2021,Malayalam
"Varuvanillarumee,
K.S. Chithra,
Manichitrathazhu,
Wilson Audios,1993",19:27:57-19:30:36,Varuvanillarumee,K.S. Chithra,Manichitrathazhu,Wilson Audios,1993,Malayalam
"Medapoompattum Chutti,
Najim ArshAd,
Karinkunnam 6s,
Muzik247,2016",19:30:40-19:33:05,Medapoompattum Chutti,Najim ArshAd,Karinkunnam 6s,Muzik247,2016,Malayalam
"Ther Thiruvizha,
A.R.Rahman,Shankar MahAdevan,
A.R.Raihanah,Deepthi Suresh 
&YogiSekar,Lal Salaam,
Sony Music Entertainment India Pvt.Ltd,
2023",19:34:35-19:38:06,Ther Thiruvizha,"A.R.Rahman, Shankar MahAdevan, A.R.Raihanah, Deepthi Suresh 
&YogiSekar",Lal Salaam,Sony Music Entertainment India Pvt.Ltd,2023,Malayalam
"Chowttum Kuthum,
Gopi Sundar & Athul Narukara,
KAdakan,
Think Music,2024",19:38:09-19:41:01,Chowttum Kuthum,Gopi Sundar & Athul Narukara,KAdakan,Think Music,2024,Malayalam
"Clock Soojigal,
Rajesh Murugesan,Renjith Govind
&Santhosh Varma,
Gold,Magic Frames Music,
2022",19:43:33-19:45:52,Clock Soojigal,"Rajesh Murugesan, Renjith Govind
&Santhosh Varma",Gold,Magic Frames Music,2022,Malayalam
"Abra's Entry Jamal Kudu,
Harshavardhan Rameshwar,
Animnal,T-Series,2013",19:47:42-19:49:52,Abra's Entry Jamal Kudu,Harshavardhan Rameshwar,Animnal,T-Series,2013,Malayalam
"Woman's World,Katy Perry,
143,Capital Records,2024",19:53:40-19:56:19,Woman's World,Katy Perry,143,Capitol Records,2024,English
"Nilapakshi,Sushin Shyam,
Neha S.Nair & Vinyaka Sasikumar,
MarAdona,Divo Tv Private Limited,2018",19:56:22-19:56:23,Nilapakshi,"Sushin Shyam, Neha S.Nair & Vinyaka Sasikumar",MarAdona,Divo TV Pvt Ltd,2018,Malayalam
"Thattathil,
Sreehari K Nair & Sharfu,
Abhilasham,
!23 MusixEntertainments Pvt.Ltd,2025",20:01:25-20:04:02,Thattathil,Sreehari K Nair & Sharfu,Abhilasham,123 Musix Entertainments Pvt.Ltd,2025,Malayalam
"Mazhakondu Mathram,
Shahabas Aman & Vijay Yesudas,
Spirit,Satyam Audios,2012",20:04:05-20:07:03,Mazhakondu Mathram,Shahabas Aman & Vijay Yesudas,Spirit,Satyam Audios,2012,Malayalam
"Enne Thallendammaava,
Vineeth Sreenivasan & Shaan Rahman,
Oru VAdakkan Selfie,Muzik247,2015",20:08:33-20:10:51,Enne Thallendammaava,Vineeth Sreenivasan & Shaan Rahman,Oru VAdakkan Selfie,Muzik247,2015,Malayalam
"Chinna Machan,
Senthil Ganesh,Rajalakshmi & Amrish,
Charlie Chaplin 2,
Saregama,2018",20:14:50-20:17:27,Chinna Machan,"Senthil Ganesh, Rajalakshmi & Amrish",Charlie Chaplin 2,Saregama,2018,Malayalam
"Ezhimala Poongola,
K.S.Chithra & Mohanlaal,
SpAdikam,Wilson Audios,1995",20:19:41-20:22:36,Ezhimala Poongola,K.S.Chithra & Mohanlaal,SpAdikam,Wilson Audios,1995,Malayalam
"Malarvakakombathu,
Vidyasagr,P.jayachandran & Rajalakshmi,
EnnumEppozhum,Satyam Audios,
2015",20:22:41-20:25:16,Malarvakakombathu,"Vidyasagr, P.jayachandran & Rajalakshmi",EnnumEppozhum,Satyam Audios,2015,Malayalam
"Genda Phool,
Rekha Bhardwaj,Delhi-6,
T-Series,2009",20:29:14-20:31:42,Genda Phool,Rekha Bhardwaj,Delhi-6,T-Series,2009,Hindi
"Noolupoya,
PrAdeep Kumar,Muhammed Maqbool Mansoor &
Varun sunil,Trance,
Muzik247,2020",20:31:47-20:34:46,Noolupoya,"PrAdeep Kumar, Muhammed Maqbool Mansoor &
Varun sunil",Trance,Muzik247,2020,Malayalam
"Oh My Julie,
Rajesh Krishnanm & Sangeetha Sreekanth,
Chattakkari,
Manorama Music,2012",20:34:49-20:37:58,Oh My Julie,Rajesh Krishnanm & Sangeetha Sreekanth,Chattakkari,Manorama Music,2012,Malayalam
"Koi Naa,
Tanishk Bagchi,Gifty,Harnoor & Shreya Ghoshal,
Chuk Maaf,Sony Music Entertainment India Pvt.Ltd,
2025",20:39:24-20:42:49,Koi Naa,"Tanishk Bagchi, Gifty, Harnoor & Shreya Ghoshal",Chuk Maaf,Sony Music Entertainment India Pvt.Ltd,2025,Hindi
"Aasa Kooda,
Sai Abhayankkar & Sai Smriti,
Think Indie,
Think Music,2024",20:46:52-20:49:29,Aasa Kooda,Sai Abhayankkar & Sai Smriti,Think Indie,Think Music,2024,Malayalam
"Dance Ka Bhoot,
Pritam,Arijit Singh & Amitabh Bhattacharya,
Brahmastra,
Sony Music Entertainment India Pvt.Ltd,2022",20:52:16-20:54:54,Dance Ka Bhoot,"Pritam, Arijit Singh & Amitabh Bhattacharya",Brahmastra,Sony Music Entertainment India Pvt.Ltd,2022,Hindi
"Run It,
DJ Snake,Rick Ross & Rich Brian,
Run It,MARVEL/Hollywood Records,Inc./Interscope 
Records,2021",20:54:57-20:57:15,Run It,"DJ Snake, Rick Ross & Rich Brian, Run It",MARVEL/Hollywood Records,"Inc./Interscope 
Records",2021,English
"Etho Mazhayil,
Vijay Yesudas &Shweta Mohan,
Vijay Superum Pournamiyu,
Goodwill Entertainments,2019",20:57:18-21:00:00,Etho Mazhayil,Vijay Yesudas &Shweta Mohan,Vijay Superum Pournamiyu,Goodwill Entertainments,2019,Malayalam
"Etho Mazhayil,
Prince George,
Vijay Superum Pournamiyum,
Goodwill Entertainments,2019",21:00:00-21:00:08,Etho Mazhayil,Prince George,Vijay Superum Pournamiyum,Goodwill Entertainments,2019,Malayalam
"EdaKochi Ishq,
Justin Varghese,
Shikha Prabhakaran&Suhail Koya,
Daveed,
Think Music,2025",21:02:13-21:05:34,EdaKochi Ishq,"Justin Varghese, Shikha Prabhakaran&Suhail Koya",Daveed,Think Music,2025,Malayalam
"Chithirathira,
Vijay Yesudas,
Charlie,
Muzik247,2015",21:05:37-21:08:09,Chithirathira,Vijay Yesudas,Charlie,Muzik247,2015,Malayalam
"KAdhayile Raajakumaariyum,
Berny-Ignatius,
Kalyaana Raman,
Satyam Audios,2002",21:10:11-21:13:06,KAdhayile Raajakumaariyum,Berny-Ignatius,Kalyaana Raman,Satyam Audios,2002,Malayalam
"Mandaarame,
Job Kurian & Shaan Rahman,
Ohm Shanthi Oshaana,
Think Music, 2024",21:15:02-21:18:09,Mandaarame,Job Kurian & Shaan Rahman,Ohm Shanthi Oshaana,Think Music,2024,Malayalam
"Yedi,
G V Prakash Kumar, Vivek, Dhanush & Jonita Gandhi,
Nilavuku En Mel EnnAdi Kobam,
Wunderbar Films, 2024",21:19:40-21:22:42,Yedi,"G V Prakash Kumar, Vivek, Dhanush & Jonita Gandhi",Nilavuku En Mel EnnAdi Kobam,Wunderbar Films,2024,Malayalam
"MAdhu Pakaroo,
Devu Khan Manganiyar & Vineeth Sreenivasan,
Varshanglkku Shesham,
Think Music, 2024",21:22:46-21:26:14,MAdhu Pakaroo,Devu Khan Manganiyar & Vineeth Sreenivasan,Varshanglkku Shesham,Think Music,2024,Malayalam
"Kolussu Thenni Thenni,
Shreya Ghoshal, Tippu & Yazi Nizar,
Cousins,
East Cost Audio Entertainments, 2002",21:28:05-21:30:14,Kolussu Thenni Thenni,"Shreya Ghoshal, Tippu & Yazi Nizar",Cousins,East Coast Audio Entertainments,2002,Malayalam
"Dil Mein Ho Tum,Armaan Malik,Blockbuster Love Tracks,T-Series,2018",21:30:18-21:32:59,Dil Mein Ho Tum,Armaan Malik,Blockbuster Love Tracks,T-Series,2018,Hindi
"Phir Zinda,Deepak Dev,Anand Bhaskar & Tanishk Nabar,L2:Empuran,AashirvAd Cinemas,2025",21:34:34-21:37:13,Phir Zinda,"Deepak Dev, Anand Bhaskar & Tanishk Nabar",L2:Empuran,Aashirvad Cinemas,2025,Hindi
"Chiri Chiriyo,Deepak Dev & K.J. Yesudas,Chronic Bachelor,Satyam Audios,1995",21:37:17-21:40:12,Chiri Chiriyo,Deepak Dev & K.J. Yesudas,Chronic Bachelor,Satyam Audios,1995,Malayalam
"Vishukili,
K.S.Chithra&Sharreth,
Ivan Megharoopan,
Universal Music India Pvt Ltd.,
2012",21:43:13-20:46:19,Vishukili,K.S.Chithra&Sharreth,Ivan Megharoopan,Universal Music India Pvt Ltd.,2012,Malayalam
"Thai Thakka Kalyanam,
Kapil Kapilan,Aparna,Sam C.S.&Elan,
MAdraskaaran,
Saregama India Ltd,
2024",21:47:32-21:50:22,Thai Thakka Kalyanam,"Kapil Kapilan, Aparna, Sam C.S.&Elan",MAdraskaaran,Saregama India Ltd,2024,Malayalam
"Hey Penne,
Nandhagopan V,Adithya RK&
Vinayak Sasikumar,
Haal,
Think Music,
2025",21:52:41-21:56:39,Hey Penne,"Nandhagopan V, Adithya RK&
Vinayak Sasikumar",Haal,Think Music,2025,Malayalam
"Jaan Hai Meri,
Amaal Mallik&Armaan Malik,
RAdhe Shyam,
T-Series,
2022",21:56:44-21:59:42,Jaan Hai Meri,Amaal Mallik&Armaan Malik,RAdhe Shyam,T-Series,2022,Hindi
"Mazhayodu,
Prasanth Prabhakar & Sithara Krishnakumar,
18am PAdi,
Goodwill Entertainments,2019",22:01:38-22:05:04,Mazhayodu,Prasanth Prabhakar & Sithara Krishnakumar,18am PAdi,Goodwill Entertainments,2019,Malayalam
"Chand Sitare,
Kumar Sanu,
Kaho Naa Pyaar Hai,
Saregama,1999",22:05:08-22:10:57,Chand Sitare,Kumar Sanu,Kaho Naa Pyaar Hai,Saregama,1999,Hindi
"Pinnenthe  Enthe Mulle,
Ousephachan & K.S.Harisankar,
Ellam Sheriyakum,
Satyam Audios,2021",22:10:57-22:15:22,Pinnenthe  Enthe Mulle,Ousephachan & K.S.Harisankar,Ellam Sheriyakum,Satyam Audios,2021,Malayalam
"Urugudhe Maragudhe,
G.V.Prakash Kumar,Shreya Ghoshal & 
Shankar mahAdevan,
Veyil,
Divo Tv Private Limited,2006",22:16:04-22:21:46,Urugudhe Maragudhe,"G.V.Prakash Kumar, Shreya Ghoshal & 
Shankar mahAdevan",Veyil,Divo TV Pvt Ltd,2006,Malayalam
"Neeyilla Neram,
Sooraj S.Kurup,
Luca,Muzik247,2019",22:21:48-22:25:12,Neeyilla Neram,Sooraj S.Kurup,Luca,Muzik247,2019,Malayalam
"Ek Sanam Chahiye Aashiqui Ke Liye,
Kumar Sanu,
Dheere Dheere Se,T-Series,1989",22:25:16-22:30:18,Ek Sanam Chahiye Aashiqui Ke Liye,Kumar Sanu,Dheere Dheere Se,T-Series,1989,Hindi
"Anuraghathin Velayil,
Shaan Rahman & Vineeth sreenivasan,
Thattathin Marayathu,
Satyam audios,2012",22:30:20-22:33:56,Anuraghathin Velayil,Shaan Rahman & Vineeth sreenivasan,Thattathin Marayathu,Satyam audios,2012,Malayalam
"KAdhaippoma,
Leon James & Sid Sriram,
Oh My KAdavule,
Sony Music Entertainment India Pvt.Ltd,2020",22:34:46-22:38:55,KAdhaippoma,Leon James & Sid Sriram,Oh My KAdavule,Sony Music Entertainment India Pvt.Ltd,2020,Malayalam
"Nain Na Jodeen,
Ayushmann Khurrana,Neha Kakkar & 
Rochak Kohli,
Guitar Cafe-Ayushmann Khurrana,
T-Series,2018",22:38:57-22:43:01,Nain Na Jodeen,"Ayushmann Khurrana, Neha Kakkar & 
Rochak Kohli",Guitar Cafe-Ayushmann Khurrana,T-Series,2018,Hindi
"Enikku PaAdanoru,
M.Jayachandran & Sainoj,
Iver Vivahitharayal,
Satyam Audios,2008",22:43:04-22:46:34,Enikku PaAdanoru,M.Jayachandran & Sainoj,Iver Vivahitharayal,Satyam Audios,2008,Malayalam
"Anthimaalai Neram,
Sid Sriram & Justin Prabhakaran,
Monster,
Sony Music Entertainment India Pvt.Ltd,2019",22:46:37-22:50:15,Anthimaalai Neram,Sid Sriram & Justin Prabhakaran,Monster,Sony Music Entertainment India Pvt.Ltd,2019,Malayalam
"Kannum Kannum,
Vineeth Sreenivasan & Akhila Anand,
VikAdakumaran,
Millennium Audios,2018",22:50:18-22:54:35,Kannum Kannum,Vineeth Sreenivasan & Akhila Anand,VikAdakumaran,Millennium Audios,2018,Malayalam
"Kuch Kuch Hota Hai,
Jatin-Lalit,Udit Narayan & Alka Yagnik,
Kuch Kuch Hota Hai,
Sony Music Entertainment India Pvt.Ltd,
1998",22:54:38-22:58:47,Kuch Kuch Hota Hai,"Jatin-Lalit, Udit Narayan & Alka Yagnik",Kuch Kuch Hota Hai,Sony Music Entertainment India Pvt.Ltd,1998,Hindi
"Mayangipoyee,
M.Jayachandran & NishAd,
Nottam,
Satyam Audios,2005",22:58:50-23:02:46,Mayangipoyee,M.Jayachandran & NishAd,Nottam,Satyam Audios,2005,Malayalam
"Mazhayulla Ratriyil,
Vidhu Prathap & Sujatha Mohan,
KAdha,2002",23:04:41-23:08:49,Mazhayulla Ratriyil,Vidhu Prathap & Sujatha Mohan,,KAdha,2002,Malayalam
"Suraj Hua Maddham,
Silent Ocean,Mav,Sandesh Shandilya,
Sonu Nigam & Alka Yagnik,
Kabhi Khushi Kabhie Gham,
Sony Music Entertainment India Pvt.Ltd,2001",23:08:55-23:15:10,Suraj Hua Maddham,"Silent Ocean, Mav, Sandesh Shandilya, Sonu Nigam & Alka Yagnik",Kabhi Khushi Kabhie Gham,Sony Music Entertainment India Pvt.Ltd,2001,Hindi
"Eadanin,
Prakash Alex & Sanah Moidutty,
Varayan,
Satyam Audios,2020",23:15:13-23:18:25,Eadanin,Prakash Alex & Sanah Moidutty,Varayan,Satyam Audios,2020,Malayalam
"Sollitaley Ava Kaadhala,
D.Imman,K.G.Ranjith  & Shreya Ghoshal,
Kumki,
Sony Music Entertainment India Pvt.Ltd,2012",23:18:27-23:22:55,Sollitaley Ava Kaadhala,"D.Imman, K.G.Ranjith  & Shreya Ghoshal",Kumki,Sony Music Entertainment India Pvt.Ltd,2012,Malayalam
"Mukkathe Penne,
Gopi Sundar & Mohammed Maqbool Mansoor,
Ennu Ninte Moideen,
Satyam Audios,2015",23:23:38-23:27:23,Mukkathe Penne,Gopi Sundar & Mohammed Maqbool Mansoor,Ennu Ninte Moideen,Satyam Audios,2015,Malayalam
"Jis Raat Ke Khwab Aaye,
Mohd.Rafi,
The Last Journey of Mohammed Rafi,
Navras Records,
1998",23:27:25-23:32:12,Jis Raat Ke Khwab Aaye,Mohd.Rafi,The Last Journey of Mohammed Rafi,Navras Records,1998,Hindi
"Paathira Pullunarnnu,
Johnson & K.J.Yesudas,
Ee Puzhayum KAdannu,
Satyam Audios,2003",23:32:16-23:36:07,Paathira Pullunarnnu,Johnson & K.J.Yesudas,Ee Puzhayum KAdannu,Satyam Audios,2003,Malayalam
"Azhagaai Pookkuthey,
Janaki Iyer,Vijay Antony & V.V.Prassanna,
Ninaithale Inikkum,
Sony Music Entertainment India Pvt.Ltd,2009",23:36:10-23:40:27,Azhagaai Pookkuthey,"Janaki Iyer, Vijay Antony & V.V.Prassanna",Ninaithale Inikkum,Sony Music Entertainment India Pvt.Ltd,2009,Malayalam
"Premikkumbol,
P.Jayachandran & Neha Nair,
Salt & Pepper,
Manorama Music,2011",23:40:29-23:43:23,Premikkumbol,P.Jayachandran & Neha Nair,Salt & Pepper,Manorama Music,2011,Malayalam
"Jaadui,
Jubin Nautiyal,Tu Jhoothi Main Makkaar,
T-series,2023",23:44:12-23:47:32,Jaadui,Jubin Nautiyal,Tu Jhoothi Main Makkaar,T-series,2023,Hindi
"Marannuvo Poomakale,
M.Jayachandran & K.J.Yesudas,
Chakkaramuthu,
Speed Audio,2005",23:47:35-23:51:16,Marannuvo Poomakale,M.Jayachandran & K.J.Yesudas,Chakkaramuthu,Speed Audio,2005,Malayalam
"Iyengaaru Veetu,
Harris Jayaraj,Hariharan & Harini,
Anniyan,
Divo Tv Private Limited,2005",23:51:19-23:55:45,Iyengaaru Veetu,"Harris Jayaraj, Hariharan & Harini",Anniyan,Divo TV Pvt Ltd,2005,Malayalam
"Karimizhi,
Vidyasagar,V.Devanand & Sujatha,
MeesamAdhavan,
Satyam Audios,2002",23:55:48-24:00:00,Karimizhi,"Vidyasagar, V.Devanand & Sujatha",MeesamAdhavan,Satyam Audios,2002,Malayalam